id Commande;id Produit;Quantite;id Client;id Employe;Date;id Transporteur;;
10248;27;5;8;5;lundi, septembre 25, 2017;3;;
10248;11;12;8;5;lundi, septembre 25, 2017;3;;
10248;11;10;8;5;lundi, septembre 25, 2017;3;;
10249;14;9;12;6;mercredi, novembre 22, 2017;1;;
10249;10;40;12;6;mercredi, novembre 22, 2017;1;;Co
10250;10;10;63;4;mardi, décembre 25, 2018;2;;
10250;10;35;63;4;mardi, décembre 25, 2018;2;;
10250;4;15;63;4;mardi, décembre 25, 2018;2;;
10251;25;15;9;3;dimanche, octobre 08, 2017;1;;
10251;22;6;9;3;dimanche, octobre 08, 2017;1;;
10251;4;20;9;3;dimanche, octobre 08, 2017;1;;
10252;23;25;16;4;lundi, décembre 11, 2017;2;;
10252;20;40;16;4;lundi, décembre 11, 2017;2;;
10252;7;40;16;4;lundi, décembre 11, 2017;2;;
10253;23;40;63;3;lundi, décembre 24, 2018;2;;
10253;18;42;63;3;lundi, décembre 24, 2018;2;;
10253;11;20;63;3;lundi, décembre 24, 2018;2;;
10254;27;21;28;5;mardi, mars 19, 2019;2;;
10254;24;15;28;5;mardi, mars 19, 2019;2;;
10254;14;21;28;5;mardi, mars 19, 2019;2;;
10255;25;25;25;9;mercredi, février 28, 2018;3;;
10255;16;35;25;9;mercredi, février 28, 2018;3;;
10255;7;30;25;9;mercredi, février 28, 2018;3;;
10255;2;20;25;9;mercredi, février 28, 2018;3;;
10256;27;12;5;3;samedi, août 19, 2017;2;;
10256;2;15;5;3;samedi, août 19, 2017;2;;
10257;2;25;62;4;lundi, décembre 17, 2018;3;;
10257;27;15;62;4;lundi, décembre 17, 2018;3;;
10257;18;6;62;4;lundi, décembre 17, 2018;3;;
10258;12;6;31;1;lundi, mars 04, 2019;1;;
10258;5;65;31;1;lundi, mars 04, 2019;1;;
10258;2;50;31;1;lundi, mars 04, 2019;1;;
10259;27;1;27;4;mardi, mars 19, 2019;3;;
10259;21;10;27;4;mardi, mars 19, 2019;3;;
10260;27;21;38;4;lundi, juillet 02, 2018;1;;
10260;25;50;38;4;lundi, juillet 02, 2018;1;;
10260;10;16;38;4;lundi, juillet 02, 2018;1;;
10260;7;15;38;4;lundi, juillet 02, 2018;1;;
10261;21;20;35;4;dimanche, juin 03, 2018;2;;
10261;15;20;35;4;dimanche, juin 03, 2018;2;;
10262;7;15;30;8;lundi, avril 09, 2018;3;;
10262;5;12;30;8;lundi, avril 09, 2018;3;;
10262;5;2;30;8;lundi, avril 09, 2018;3;;
10263;27;36;31;9;lundi, mars 04, 2019;3;;
10263;24;28;31;9;lundi, mars 04, 2019;3;;
10263;16;60;31;9;lundi, mars 04, 2019;3;;
10263;10;60;31;9;lundi, mars 04, 2019;3;;
10264;10;25;30;6;mardi, février 12, 2019;3;;
10264;2;35;30;6;mardi, février 12, 2019;3;;
10265;27;20;17;2;dimanche, avril 14, 2019;1;;
10265;17;30;17;2;dimanche, avril 14, 2019;1;;
10266;12;12;6;3;mercredi, septembre 06, 2017;3;;
10267;26;15;7;4;samedi, février 02, 2019;1;;
10267;19;50;7;4;samedi, février 02, 2019;1;;
10267;7;70;7;4;samedi, février 02, 2019;1;;
10268;27;4;63;8;mercredi, décembre 26, 2018;3;;
10268;19;10;63;8;mercredi, décembre 26, 2018;3;;
10269;27;20;4;5;lundi, août 07, 2017;1;;
10269;23;60;4;5;lundi, août 07, 2017;1;;
10270;25;30;6;1;mardi, septembre 05, 2017;1;;
10270;12;25;6;1;mardi, septembre 05, 2017;1;;
10271;23;24;18;6;mardi, décembre 19, 2017;2;;
10272;27;24;30;6;lundi, avril 09, 2018;2;;
10272;20;6;30;6;lundi, avril 09, 2018;2;;
10272;11;40;30;6;lundi, avril 09, 2018;2;;
10273;26;33;34;3;samedi, mai 12, 2018;3;;
10273;23;20;34;3;samedi, mai 12, 2018;3;;
10273;19;60;34;3;samedi, mai 12, 2018;3;;
10273;11;15;34;3;samedi, mai 12, 2018;3;;
10273;10;24;34;3;samedi, mai 12, 2018;3;;
10274;27;20;8;6;dimanche, septembre 24, 2017;1;;
10274;27;7;8;6;dimanche, septembre 24, 2017;1;;
10275;24;12;44;1;mardi, août 21, 2018;1;;
10275;7;6;44;1;mardi, août 21, 2018;1;;
10276;13;10;11;8;mardi, novembre 14, 2017;3;;
10276;10;15;11;8;mardi, novembre 14, 2017;3;;
10277;27;20;40;2;mercredi, juillet 25, 2018;3;;
10277;7;12;40;2;mercredi, juillet 25, 2018;3;;
10278;27;25;5;8;mercredi, avril 24, 2019;2;;
10278;23;16;5;8;mercredi, avril 24, 2019;2;;
10278;7;15;5;8;mercredi, avril 24, 2019;2;;
10278;7;8;5;8;mercredi, avril 24, 2019;2;;
10279;17;15;49;8;samedi, octobre 06, 2018;2;;
10280;27;30;9;2;mercredi, avril 24, 2019;1;;
10280;24;12;9;2;mercredi, avril 24, 2019;1;;
10280;14;20;9;2;mercredi, avril 24, 2019;1;;
10281;24;6;24;4;lundi, février 19, 2018;1;;
10281;19;1;24;4;lundi, février 19, 2018;1;;
10281;15;4;24;4;lundi, février 19, 2018;1;;
10282;25;2;24;4;dimanche, février 18, 2018;1;;
10282;10;6;24;4;dimanche, février 18, 2018;1;;
10283;27;3;47;3;mardi, septembre 18, 2018;3;;
10283;19;18;47;3;mardi, septembre 18, 2018;3;;
10283;15;20;47;3;mardi, septembre 18, 2018;3;;
10283;7;35;47;3;mardi, septembre 18, 2018;3;;
10284;27;15;49;4;mercredi, octobre 03, 2018;1;;
10284;23;21;49;4;mercredi, octobre 03, 2018;1;;
10284;9;5;49;4;mercredi, octobre 03, 2018;1;;
10284;7;20;49;4;mercredi, octobre 03, 2018;1;;
10285;19;40;34;1;samedi, mai 12, 2018;2;;
10285;2;36;34;1;samedi, mai 12, 2018;2;;
10285;1;45;34;1;samedi, mai 12, 2018;2;;
10286;15;100;34;8;mercredi, mai 09, 2018;3;;
10286;7;40;34;8;mercredi, mai 09, 2018;3;;
10287;23;15;25;8;dimanche, mars 11, 2018;3;;
10287;16;40;25;8;dimanche, mars 11, 2018;3;;
10287;14;20;25;8;dimanche, mars 11, 2018;3;;
10288;8;3;27;4;samedi, mars 24, 2018;1;;
10288;3;10;27;4;samedi, mars 24, 2018;1;;
10289;3;30;10;7;mardi, mars 26, 2019;3;;
10289;3;9;10;7;mardi, mars 26, 2019;3;;
10290;27;10;28;8;samedi, mars 16, 2019;1;;
10290;23;15;28;8;samedi, mars 16, 2019;1;;
10290;19;15;28;8;samedi, mars 16, 2019;1;;
10290;5;20;28;8;samedi, mars 16, 2019;1;;
10291;23;24;35;6;samedi, juin 02, 2018;2;;
10291;13;20;35;6;samedi, juin 02, 2018;2;;
10291;10;2;35;6;samedi, juin 02, 2018;2;;
10292;20;20;10;1;mercredi, novembre 01, 2017;2;;
10293;27;6;11;1;lundi, novembre 13, 2017;3;;
10293;24;10;11;1;lundi, novembre 13, 2017;3;;
10293;18;12;11;1;lundi, novembre 13, 2017;3;;
10293;7;5;11;1;lundi, novembre 13, 2017;3;;
10294;27;6;30;4;dimanche, avril 08, 2018;2;;
10294;17;15;30;4;dimanche, avril 08, 2018;2;;
10294;13;15;30;4;dimanche, avril 08, 2018;2;;
10294;7;21;30;4;dimanche, avril 08, 2018;2;;
10294;1;18;30;4;dimanche, avril 08, 2018;2;;
10295;5;4;7;2;samedi, septembre 23, 2017;2;;
10296;16;30;47;6;mardi, septembre 18, 2018;1;;
10296;11;12;47;6;mardi, septembre 18, 2018;1;;
10296;7;15;47;6;mardi, septembre 18, 2018;1;;
10297;27;20;19;5;dimanche, avril 14, 2019;2;;
10297;18;60;19;5;dimanche, avril 14, 2019;2;;
10298;25;40;59;6;mercredi, novembre 28, 2018;2;;
10298;7;30;59;6;mercredi, novembre 28, 2018;2;;
10298;7;15;59;6;mercredi, novembre 28, 2018;2;;
10298;2;40;59;6;mercredi, novembre 28, 2018;2;;
10299;27;20;25;4;dimanche, mars 11, 2018;2;;
10299;19;15;25;4;dimanche, mars 11, 2018;2;;
10300;9;30;44;2;lundi, août 20, 2018;2;;
10300;8;20;44;2;lundi, août 20, 2018;2;;
10301;19;10;7;8;mardi, septembre 19, 2017;2;;
10301;5;20;7;8;mardi, septembre 19, 2017;2;;
10302;27;28;16;4;dimanche, décembre 10, 2017;2;;
10302;17;40;16;4;dimanche, décembre 10, 2017;2;;
10302;13;12;16;4;dimanche, décembre 10, 2017;2;;
10303;19;40;65;7;dimanche, janvier 13, 2019;2;;
10303;8;15;65;7;dimanche, janvier 13, 2019;2;;
10303;4;30;65;7;dimanche, janvier 13, 2019;2;;
10304;27;2;11;1;dimanche, novembre 12, 2017;2;;
10304;19;30;11;1;dimanche, novembre 12, 2017;2;;
10304;7;10;11;1;dimanche, novembre 12, 2017;2;;
10305;19;25;39;8;mercredi, juillet 11, 2018;3;;
10305;18;25;39;8;mercredi, juillet 11, 2018;3;;
10305;18;30;39;8;mercredi, juillet 11, 2018;3;;
10306;10;10;24;1;samedi, février 17, 2018;3;;
10306;3;5;24;1;samedi, février 17, 2018;3;;
10306;2;10;24;1;samedi, février 17, 2018;3;;
10307;8;3;45;2;mardi, août 28, 2018;2;;
10307;7;10;45;2;mardi, août 28, 2018;2;;
10308;27;5;16;7;dimanche, mai 05, 2019;2;;
10308;7;1;16;7;dimanche, mai 05, 2019;2;;
10309;27;3;59;3;mercredi, novembre 28, 2018;1;;
10309;13;20;59;3;mercredi, novembre 28, 2018;1;;
10309;11;2;59;3;mercredi, novembre 28, 2018;1;;
10309;6;30;59;3;mercredi, novembre 28, 2018;1;;
10309;4;20;59;3;mercredi, novembre 28, 2018;1;;
10310;16;10;14;8;mardi, novembre 28, 2017;2;;
10310;7;5;14;8;mardi, novembre 28, 2017;2;;
10311;12;6;31;1;dimanche, mars 10, 2019;3;;
10311;7;7;31;1;dimanche, mars 10, 2019;3;;
10312;27;4;7;2;lundi, septembre 18, 2017;2;;
10312;27;10;7;2;lundi, septembre 18, 2017;2;;
10312;13;24;7;2;lundi, septembre 18, 2017;2;;
10312;2;20;7;2;lundi, septembre 18, 2017;2;;
10313;16;12;34;2;mardi, mai 08, 2018;2;;
10314;12;40;30;1;samedi, avril 07, 2018;2;;
10314;7;30;30;1;samedi, avril 07, 2018;2;;
10314;7;25;30;1;samedi, avril 07, 2018;2;;
10315;27;30;56;4;mardi, novembre 13, 2018;2;;
10315;14;14;56;4;mardi, novembre 13, 2018;2;;
10316;10;10;30;1;mercredi, avril 04, 2018;3;;
10316;7;70;30;1;mercredi, avril 04, 2018;3;;
10317;1;20;45;6;lundi, août 27, 2018;1;;
10318;26;6;56;8;lundi, novembre 12, 2018;2;;
10318;10;20;56;8;lundi, novembre 12, 2018;2;;
10319;27;14;11;7;samedi, novembre 11, 2017;3;;
10319;26;30;11;7;samedi, novembre 11, 2017;3;;
10319;17;8;11;7;samedi, novembre 11, 2017;3;;
10320;27;30;6;5;lundi, septembre 04, 2017;3;;
10321;15;10;56;3;lundi, novembre 12, 2018;2;;
10322;21;20;37;7;samedi, juin 23, 2018;3;;
10323;25;4;55;4;lundi, novembre 05, 2018;1;;
10323;18;4;55;4;lundi, novembre 05, 2018;1;;
10323;15;5;55;4;lundi, novembre 05, 2018;1;;
10324;23;30;23;9;mercredi, février 07, 2018;1;;
10324;16;21;23;9;mercredi, février 07, 2018;1;;
10324;15;70;23;9;mercredi, février 07, 2018;1;;
10324;7;40;23;9;mercredi, février 07, 2018;1;;
10324;7;80;23;9;mercredi, février 07, 2018;1;;
10325;27;40;55;1;dimanche, novembre 04, 2018;3;;
10325;14;9;55;1;dimanche, novembre 04, 2018;3;;
10325;13;12;55;1;dimanche, novembre 04, 2018;3;;
10325;11;4;55;1;dimanche, novembre 04, 2018;3;;
10325;6;6;55;1;dimanche, novembre 04, 2018;3;;
10326;27;50;39;4;mardi, avril 09, 2019;2;;
10326;25;16;39;4;mardi, avril 09, 2019;2;;
10326;4;24;39;4;mardi, avril 09, 2019;2;;
10327;11;50;30;2;mardi, février 12, 2019;1;;
10327;10;35;30;2;mardi, février 12, 2019;1;;
10327;7;30;30;2;mardi, février 12, 2019;1;;
10327;2;25;30;2;mardi, février 12, 2019;1;;
10328;8;10;65;4;dimanche, janvier 20, 2019;3;;
10328;7;9;65;4;dimanche, janvier 20, 2019;3;;
10328;4;40;65;4;dimanche, janvier 20, 2019;3;;
10329;27;20;18;4;lundi, décembre 18, 2017;2;;
10329;19;10;18;4;lundi, décembre 18, 2017;2;;
10329;10;8;18;4;lundi, décembre 18, 2017;2;;
10329;5;12;18;4;lundi, décembre 18, 2017;2;;
10330;27;25;47;3;lundi, septembre 17, 2018;1;;
10330;26;50;47;3;lundi, septembre 17, 2018;1;;
10331;4;15;45;9;lundi, avril 08, 2019;1;;
10332;23;16;41;3;mardi, août 07, 2018;2;;
10332;18;40;41;3;mardi, août 07, 2018;2;;
10332;12;10;41;3;mardi, août 07, 2018;2;;
10333;27;40;6;5;dimanche, septembre 03, 2017;3;;
10333;21;10;6;5;dimanche, septembre 03, 2017;3;;
10333;14;10;6;5;dimanche, septembre 03, 2017;3;;
10334;21;8;9;8;samedi, octobre 07, 2017;2;;
10334;8;10;9;8;samedi, octobre 07, 2017;2;;
10335;12;6;59;7;mardi, novembre 27, 2018;2;;
10335;11;25;59;7;mardi, novembre 27, 2018;2;;
10335;10;48;59;7;mardi, novembre 27, 2018;2;;
10335;2;7;59;7;mardi, novembre 27, 2018;2;;
10336;4;18;36;7;mercredi, juin 06, 2018;2;;
10337;27;28;7;4;samedi, février 02, 2019;3;;
10337;27;25;7;4;samedi, février 02, 2019;3;;
10337;26;24;7;4;samedi, février 02, 2019;3;;
10337;23;40;7;4;samedi, février 02, 2019;3;;
10337;16;20;7;4;samedi, février 02, 2019;3;;
10338;17;20;39;4;mercredi, juillet 11, 2018;3;;
10338;10;15;39;4;mercredi, juillet 11, 2018;3;;
10339;17;70;41;2;lundi, août 06, 2018;2;;
10339;7;28;41;2;lundi, août 06, 2018;2;;
10339;4;10;41;2;lundi, août 06, 2018;2;;
10340;18;20;68;1;lundi, avril 08, 2019;3;;
10340;13;40;68;1;lundi, avril 08, 2019;3;;
10340;10;12;68;1;lundi, avril 08, 2019;3;;
10341;23;8;20;7;dimanche, décembre 31, 2017;3;;
10341;7;9;20;7;dimanche, décembre 31, 2017;3;;
10342;16;40;7;4;samedi, février 02, 2019;2;;
10342;14;40;7;4;samedi, février 02, 2019;2;;
10342;11;56;7;4;samedi, février 02, 2019;2;;
10342;2;24;7;4;samedi, février 02, 2019;2;;
10343;26;15;49;4;mercredi, octobre 03, 2018;1;;
10343;8;4;49;4;mercredi, octobre 03, 2018;1;;
10343;3;50;49;4;mercredi, octobre 03, 2018;1;;
10344;8;70;4;4;dimanche, août 06, 2017;2;;
10344;4;35;4;4;dimanche, août 06, 2017;2;;
10345;19;80;34;2;mardi, mai 08, 2018;2;;
10345;12;9;34;2;mardi, mai 08, 2018;2;;
10345;8;70;34;2;mardi, mai 08, 2018;2;;
10346;17;36;29;3;mercredi, avril 04, 2018;3;;
10346;16;20;29;3;mercredi, avril 04, 2018;3;;
10347;27;6;19;4;mardi, février 19, 2019;3;;
10347;25;10;19;4;mardi, février 19, 2019;3;;
10347;19;4;19;4;mardi, février 19, 2019;3;;
10347;18;50;19;4;mardi, février 19, 2019;3;;
10348;23;25;7;4;dimanche, septembre 17, 2017;2;;
10348;1;15;7;4;dimanche, septembre 17, 2017;2;;
10349;4;24;17;7;lundi, décembre 18, 2017;1;;
10350;5;15;51;6;dimanche, octobre 21, 2018;2;;
10350;7;18;51;6;dimanche, octobre 21, 2018;2;;
10351;27;20;31;1;lundi, mars 04, 2019;1;;
10351;23;77;31;1;lundi, mars 04, 2019;1;;
10351;10;13;31;1;lundi, mars 04, 2019;1;;
10351;4;10;31;1;lundi, mars 04, 2019;1;;
10352;24;10;65;3;samedi, janvier 19, 2019;3;;
10352;4;20;65;3;samedi, janvier 19, 2019;3;;
10353;27;50;37;7;dimanche, juin 17, 2018;3;;
10353;11;12;37;7;dimanche, juin 17, 2018;3;;
10354;19;4;37;8;samedi, juin 23, 2018;3;;
10354;1;12;37;8;samedi, juin 23, 2018;3;;
10355;24;25;21;6;mardi, avril 30, 2019;3;;
10355;7;25;21;6;mardi, avril 30, 2019;3;;
10356;15;12;7;6;samedi, septembre 16, 2017;2;;
10356;11;30;7;6;samedi, septembre 16, 2017;2;;
10356;7;20;7;6;samedi, septembre 16, 2017;2;;
10357;26;16;68;1;lundi, septembre 17, 2018;3;;
10357;10;30;68;1;lundi, septembre 17, 2018;3;;
10357;7;8;68;1;lundi, septembre 17, 2018;3;;
10358;24;10;51;5;dimanche, octobre 21, 2018;1;;
10358;16;20;51;5;dimanche, octobre 21, 2018;1;;
10358;14;10;51;5;dimanche, octobre 21, 2018;1;;
10359;16;56;20;5;lundi, janvier 08, 2018;3;;
10359;11;70;20;5;lundi, janvier 08, 2018;3;;
10359;7;80;20;5;lundi, janvier 08, 2018;3;;
10360;27;30;21;4;dimanche, avril 14, 2019;3;;
10360;27;10;21;4;dimanche, avril 14, 2019;3;;
10360;19;35;21;4;dimanche, avril 14, 2019;3;;
10360;19;35;21;4;dimanche, avril 14, 2019;3;;
10360;4;28;21;4;dimanche, avril 14, 2019;3;;
10361;18;54;34;1;lundi, mai 07, 2018;2;;
10361;7;55;34;1;lundi, mai 07, 2018;2;;
10362;25;50;49;3;lundi, avril 08, 2019;1;;
10362;10;20;49;3;lundi, avril 08, 2019;1;;
10362;4;24;49;3;lundi, avril 08, 2019;1;;
10363;27;12;31;4;mardi, mars 12, 2019;3;;
10363;26;12;31;4;mardi, mars 12, 2019;3;;
10363;11;20;31;4;mardi, mars 12, 2019;3;;
10364;27;5;31;1;samedi, mars 09, 2019;1;;
10364;14;30;31;1;samedi, mars 09, 2019;1;;
10365;11;24;24;3;samedi, mai 04, 2019;2;;
10366;27;5;65;8;mardi, janvier 15, 2019;2;;
10366;4;5;65;8;mardi, janvier 15, 2019;2;;
10367;27;7;10;7;dimanche, octobre 22, 2017;3;;
10367;14;36;10;7;dimanche, octobre 22, 2017;3;;
10367;4;18;10;7;dimanche, octobre 22, 2017;3;;
10367;4;15;10;7;dimanche, octobre 22, 2017;3;;
10368;27;13;31;2;dimanche, mars 03, 2019;2;;
10368;21;5;31;2;dimanche, mars 03, 2019;2;;
10368;7;25;31;2;dimanche, mars 03, 2019;2;;
10368;3;35;31;2;dimanche, mars 03, 2019;2;;
10369;19;20;17;8;dimanche, décembre 17, 2017;2;;
10369;16;18;17;8;dimanche, décembre 17, 2017;2;;
10370;27;20;29;6;lundi, mars 18, 2019;2;;
10370;3;30;29;6;lundi, mars 18, 2019;2;;
10370;1;15;29;6;lundi, mars 18, 2019;2;;
10371;16;6;51;1;samedi, octobre 20, 2018;1;;
10372;27;40;35;5;mercredi, mai 23, 2018;2;;
10372;27;42;35;5;mercredi, mai 23, 2018;2;;
10372;20;12;35;5;mercredi, mai 23, 2018;2;;
10372;7;70;35;5;mercredi, mai 23, 2018;2;;
10373;27;50;59;4;mardi, novembre 27, 2018;3;;
10373;7;80;59;4;mardi, novembre 27, 2018;3;;
10374;11;30;2;1;mardi, juillet 11, 2017;3;;
10374;7;15;2;1;mardi, juillet 11, 2017;3;;
10375;14;15;60;3;lundi, décembre 03, 2018;2;;
10375;4;10;60;3;lundi, décembre 03, 2018;2;;
10376;11;42;41;1;dimanche, août 05, 2018;2;;
10377;27;20;20;1;dimanche, janvier 07, 2018;3;;
10377;18;20;20;1;dimanche, janvier 07, 2018;3;;
10378;27;6;30;5;lundi, février 11, 2019;3;;
10379;10;8;35;2;mercredi, mai 30, 2018;1;;
10379;7;16;35;2;mercredi, mai 30, 2018;1;;
10379;4;20;35;2;mercredi, mai 30, 2018;1;;
10380;27;30;59;8;lundi, novembre 26, 2018;3;;
10380;10;18;59;8;lundi, novembre 26, 2018;3;;
10380;7;6;59;8;lundi, novembre 26, 2018;3;;
10380;2;20;59;8;lundi, novembre 26, 2018;3;;
10381;27;14;68;3;dimanche, septembre 16, 2018;3;;
10382;27;50;31;4;dimanche, mars 03, 2019;1;;
10382;23;60;31;4;dimanche, mars 03, 2019;1;;
10382;19;14;31;4;dimanche, mars 03, 2019;1;;
10382;18;9;31;4;dimanche, mars 03, 2019;1;;
10382;5;32;31;4;dimanche, mars 03, 2019;1;;
10383;4;15;23;8;mardi, avril 30, 2019;3;;
10383;16;20;23;8;mardi, avril 30, 2019;3;;
10383;13;20;23;8;mardi, avril 30, 2019;3;;
10384;20;28;13;3;mardi, avril 23, 2019;3;;
10384;7;15;13;3;mardi, avril 23, 2019;3;;
10385;8;8;17;1;samedi, décembre 16, 2017;2;;
10385;7;10;17;1;samedi, décembre 16, 2017;2;;
10385;7;20;17;1;samedi, décembre 16, 2017;2;;
10386;24;15;19;9;lundi, février 18, 2019;3;;
10386;14;10;19;9;lundi, février 18, 2019;3;;
10387;27;6;24;1;mardi, février 13, 2018;2;;
10387;27;15;24;1;mardi, février 13, 2018;2;;
10387;24;15;24;1;mardi, février 13, 2018;2;;
10387;7;12;24;1;mardi, février 13, 2018;2;;
10388;23;15;20;2;dimanche, janvier 07, 2018;1;;
10388;21;20;20;2;dimanche, janvier 07, 2018;1;;
10388;2;40;20;2;dimanche, janvier 07, 2018;1;;
10389;27;30;44;4;lundi, avril 01, 2019;2;;
10389;15;15;44;4;lundi, avril 01, 2019;2;;
10389;10;16;44;4;lundi, avril 01, 2019;2;;
10389;7;20;44;4;lundi, avril 01, 2019;2;;
10390;27;24;31;6;dimanche, mars 03, 2019;1;;
10390;23;45;31;6;dimanche, mars 03, 2019;1;;
10390;15;40;31;6;dimanche, mars 03, 2019;1;;
10390;11;60;31;6;dimanche, mars 03, 2019;1;;
10391;13;18;31;3;lundi, mars 11, 2019;3;;
10392;14;50;37;2;dimanche, juin 17, 2018;3;;
10393;26;70;23;1;mardi, février 06, 2018;3;;
10393;25;7;23;1;mardi, février 06, 2018;3;;
10393;14;42;23;1;mardi, février 06, 2018;3;;
10393;11;32;23;1;mardi, février 06, 2018;3;;
10393;2;25;23;1;mardi, février 06, 2018;3;;
10394;13;10;59;1;lundi, décembre 03, 2018;3;;
10394;7;10;59;1;lundi, décembre 03, 2018;3;;
10395;23;28;62;6;lundi, décembre 17, 2018;1;;
10395;14;8;62;6;lundi, décembre 17, 2018;1;;
10395;2;70;62;6;lundi, décembre 17, 2018;1;;
10396;27;60;7;1;mercredi, janvier 30, 2019;3;;
10396;27;21;7;1;mercredi, janvier 30, 2019;3;;
10396;23;40;7;1;mercredi, janvier 30, 2019;3;;
10397;21;10;35;5;mercredi, juin 06, 2018;1;;
10397;10;18;35;5;mercredi, juin 06, 2018;1;;
10398;15;30;23;2;lundi, février 05, 2018;3;;
10398;15;120;23;2;lundi, février 05, 2018;3;;
10399;27;30;10;8;samedi, octobre 21, 2017;3;;
10399;27;14;10;8;samedi, octobre 21, 2017;3;;
10399;26;35;10;8;samedi, octobre 21, 2017;3;;
10399;8;60;10;8;samedi, octobre 21, 2017;3;;
10400;19;21;31;1;mercredi, mars 06, 2019;3;;
10400;19;30;31;1;mercredi, mars 06, 2019;3;;
10400;15;35;31;1;mercredi, mars 06, 2019;3;;
10401;27;60;29;1;mardi, avril 03, 2018;1;;
10401;16;70;29;1;mardi, avril 03, 2018;1;;
10401;10;18;29;1;mardi, avril 03, 2018;1;;
10401;4;20;29;1;mardi, avril 03, 2018;1;;
10402;23;60;31;8;dimanche, mars 03, 2019;2;;
10402;7;65;31;8;dimanche, mars 03, 2019;2;;
10403;23;70;31;4;samedi, mars 02, 2019;3;;
10403;16;21;31;4;samedi, mars 02, 2019;3;;
10404;26;30;44;2;lundi, août 20, 2018;1;;
10404;19;30;44;2;lundi, août 20, 2018;1;;
10404;12;40;44;2;lundi, août 20, 2018;1;;
10405;3;50;46;1;samedi, septembre 08, 2018;1;;
10406;27;42;35;7;mercredi, mai 23, 2018;1;;
10406;21;30;35;7;mercredi, mai 23, 2018;1;;
10406;19;2;35;7;mercredi, mai 23, 2018;1;;
10406;16;5;35;7;mercredi, mai 23, 2018;1;;
10406;1;10;35;7;mercredi, mai 23, 2018;1;;
10407;27;15;38;2;lundi, juillet 02, 2018;2;;
10407;14;15;38;2;lundi, juillet 02, 2018;2;;
10407;11;30;38;2;lundi, juillet 02, 2018;2;;
10408;27;10;30;8;samedi, février 16, 2019;1;;
10408;7;35;30;8;samedi, février 16, 2019;1;;
10408;4;6;30;8;samedi, février 16, 2019;1;;
10409;21;12;39;3;mardi, juillet 17, 2018;1;;
10409;14;12;39;3;mardi, juillet 17, 2018;1;;
10410;23;49;68;3;lundi, avril 01, 2019;3;;
10410;7;16;68;3;lundi, avril 01, 2019;3;;
10411;23;40;50;9;lundi, avril 01, 2019;3;;
10411;10;25;50;9;lundi, avril 01, 2019;3;;
10411;7;9;50;9;lundi, avril 01, 2019;3;;
10412;14;20;6;8;samedi, septembre 02, 2017;2;;
10413;26;14;51;3;mercredi, octobre 17, 2018;2;;
10413;7;40;51;3;mercredi, octobre 17, 2018;2;;
10413;1;24;51;3;mercredi, octobre 17, 2018;2;;
10414;23;50;19;2;lundi, février 18, 2019;3;;
10414;19;18;19;2;lundi, février 18, 2019;3;;
10415;23;20;59;3;dimanche, décembre 02, 2018;1;;
10415;17;2;59;3;dimanche, décembre 02, 2018;1;;
10416;19;20;5;8;mercredi, août 30, 2017;3;;
10416;7;20;5;8;mercredi, août 30, 2017;3;;
10416;2;10;5;8;mercredi, août 30, 2017;3;;
10417;27;50;19;4;samedi, décembre 30, 2017;3;;
10417;27;35;19;4;samedi, décembre 30, 2017;3;;
10417;23;2;19;4;samedi, décembre 30, 2017;3;;
10417;8;36;19;4;samedi, décembre 30, 2017;3;;
10418;27;15;33;4;dimanche, mai 06, 2018;1;;
10418;23;55;33;4;dimanche, mai 06, 2018;1;;
10418;7;16;33;4;dimanche, mai 06, 2018;1;;
10418;2;60;33;4;dimanche, mai 06, 2018;1;;
10419;14;20;24;4;mardi, février 27, 2018;2;;
10419;7;60;24;4;mardi, février 27, 2018;2;;
10420;27;8;5;3;mercredi, août 16, 2017;1;;
10420;27;20;5;3;mercredi, août 16, 2017;1;;
10420;13;2;5;3;mercredi, août 16, 2017;1;;
10420;9;20;5;3;mercredi, août 16, 2017;1;;
10421;27;10;35;8;mercredi, mai 30, 2018;1;;
10421;26;30;35;8;mercredi, mai 30, 2018;1;;
10421;19;4;35;8;mercredi, mai 30, 2018;1;;
10421;2;15;35;8;mercredi, mai 30, 2018;1;;
10422;26;2;66;2;mardi, janvier 22, 2019;1;;
10423;11;14;63;6;lundi, janvier 07, 2019;3;;
10423;7;20;63;6;lundi, janvier 07, 2019;3;;
10424;27;49;41;7;dimanche, août 05, 2018;2;;
10424;15;60;41;7;dimanche, août 05, 2018;2;;
10424;8;30;41;7;dimanche, août 05, 2018;2;;
10425;26;20;51;6;mercredi, octobre 17, 2018;2;;
10425;15;10;51;6;mercredi, octobre 17, 2018;2;;
10426;16;5;65;4;lundi, janvier 14, 2019;1;;
10426;3;7;65;4;lundi, janvier 14, 2019;1;;
10427;14;35;37;4;samedi, juin 16, 2018;2;;
10428;23;20;27;7;mercredi, mars 21, 2018;1;;
10429;3;40;59;3;dimanche, novembre 25, 2018;2;;
10429;7;35;59;3;dimanche, novembre 25, 2018;2;;
10430;21;50;31;4;samedi, mars 02, 2019;1;;
10430;17;45;31;4;samedi, mars 02, 2019;1;;
10430;16;30;31;4;samedi, mars 02, 2019;1;;
10430;7;70;31;4;samedi, mars 02, 2019;1;;
10431;23;30;53;4;dimanche, mars 31, 2019;2;;
10431;19;50;53;4;dimanche, mars 31, 2019;2;;
10431;17;50;53;4;dimanche, mars 31, 2019;2;;
10432;26;10;17;3;samedi, décembre 16, 2017;2;;
10432;4;40;17;3;samedi, décembre 16, 2017;2;;
10433;16;28;35;3;mardi, juin 05, 2018;3;;
10434;26;18;30;3;lundi, février 11, 2019;2;;
10434;11;6;30;3;lundi, février 11, 2019;2;;
10435;27;10;31;8;mercredi, mars 13, 2019;2;;
10435;22;12;31;8;mercredi, mars 13, 2019;2;;
10435;2;10;31;8;mercredi, mars 13, 2019;2;;
10436;27;24;23;3;dimanche, avril 14, 2019;2;;
10436;23;5;23;3;dimanche, avril 14, 2019;2;;
10436;16;40;23;3;dimanche, avril 14, 2019;2;;
10436;3;30;23;3;dimanche, avril 14, 2019;2;;
10437;2;15;5;8;mardi, août 29, 2017;1;;
10438;19;15;12;3;mardi, novembre 21, 2017;2;;
10438;14;20;12;3;mardi, novembre 21, 2017;2;;
10438;7;15;12;3;mardi, novembre 21, 2017;2;;
10439;27;30;41;6;samedi, août 04, 2018;3;;
10439;16;16;41;6;samedi, août 04, 2018;3;;
10439;12;15;41;6;samedi, août 04, 2018;3;;
10439;3;6;41;6;samedi, août 04, 2018;3;;
10440;19;24;22;4;lundi, février 05, 2018;2;;
10440;16;49;22;4;lundi, février 05, 2018;2;;
10440;7;90;22;4;lundi, février 05, 2018;2;;
10440;2;45;22;4;lundi, février 05, 2018;2;;
10441;27;50;39;3;mardi, juillet 10, 2018;2;;
10442;11;30;19;3;samedi, mars 02, 2019;2;;
10442;9;60;19;3;samedi, mars 02, 2019;2;;
10442;4;80;19;3;samedi, mars 02, 2019;2;;
10443;27;12;27;8;mardi, mars 20, 2018;1;;
10443;11;6;27;8;mardi, mars 20, 2018;1;;
10444;26;15;17;3;mardi, avril 23, 2019;3;;
10444;17;10;17;3;mardi, avril 23, 2019;3;;
10444;15;8;17;3;mardi, avril 23, 2019;3;;
10444;10;30;17;3;mardi, avril 23, 2019;3;;
10445;18;6;21;3;mardi, avril 23, 2019;1;;
10445;4;15;21;3;mardi, avril 23, 2019;1;;
10446;24;20;12;6;lundi, novembre 20, 2017;1;;
10446;21;15;12;6;lundi, novembre 20, 2017;1;;
10446;19;12;12;6;lundi, novembre 20, 2017;1;;
10446;11;3;12;6;lundi, novembre 20, 2017;1;;
10447;27;2;25;4;samedi, mars 10, 2018;2;;
10447;19;40;25;4;samedi, mars 10, 2018;2;;
10447;4;35;25;4;samedi, mars 10, 2018;2;;
10448;26;6;30;4;dimanche, avril 15, 2018;2;;
10448;19;20;30;4;dimanche, avril 15, 2018;2;;
10449;21;20;25;3;samedi, avril 13, 2019;2;;
10449;10;14;25;3;samedi, avril 13, 2019;2;;
10449;7;35;25;3;samedi, avril 13, 2019;2;;
10450;10;20;9;8;mercredi, octobre 04, 2017;2;;
10450;4;6;9;8;mercredi, octobre 04, 2017;2;;
10451;27;55;33;4;samedi, mai 05, 2018;3;;
10451;15;120;33;4;samedi, mai 05, 2018;3;;
10451;4;28;33;4;samedi, mai 05, 2018;3;;
10451;3;35;33;4;samedi, mai 05, 2018;3;;
10452;27;15;22;8;dimanche, février 04, 2018;1;;
10452;23;100;22;8;dimanche, février 04, 2018;1;;
10453;27;25;24;1;mardi, avril 30, 2019;3;;
10453;23;15;24;1;mardi, avril 30, 2019;3;;
10454;23;20;51;4;mardi, octobre 16, 2018;3;;
10454;23;10;51;4;mardi, octobre 16, 2018;3;;
10454;16;20;51;4;mardi, octobre 16, 2018;3;;
10455;27;30;5;8;lundi, août 28, 2017;2;;
10455;18;20;5;8;lundi, août 28, 2017;2;;
10455;7;25;5;8;lundi, août 28, 2017;2;;
10455;3;50;5;8;lundi, août 28, 2017;2;;
10456;21;40;55;8;dimanche, novembre 04, 2018;2;;
10456;19;21;55;8;dimanche, novembre 04, 2018;2;;
10457;7;36;54;2;samedi, novembre 03, 2018;1;;
10458;27;30;15;7;samedi, décembre 09, 2017;3;;
10458;27;50;15;7;samedi, décembre 09, 2017;3;;
10458;26;30;15;7;samedi, décembre 09, 2017;3;;
10458;16;15;15;7;samedi, décembre 09, 2017;3;;
10458;13;20;15;7;samedi, décembre 09, 2017;3;;
10459;27;40;9;4;mardi, octobre 03, 2017;2;;
10459;23;20;9;4;mardi, octobre 03, 2017;2;;
10459;7;16;9;4;mardi, octobre 03, 2017;2;;
10460;27;4;30;8;dimanche, février 10, 2019;1;;
10460;8;21;30;8;dimanche, février 10, 2019;1;;
10461;21;40;68;1;samedi, septembre 15, 2018;3;;
10461;15;60;68;1;samedi, septembre 15, 2018;3;;
10461;10;28;68;1;samedi, septembre 15, 2018;3;;
10462;23;21;31;2;mardi, mars 12, 2019;1;;
10462;13;1;31;2;mardi, mars 12, 2019;1;;
10463;19;21;15;5;samedi, décembre 09, 2017;3;;
10463;12;50;15;5;samedi, décembre 09, 2017;3;;
10464;16;30;70;4;samedi, janvier 19, 2019;2;;
10464;13;3;70;4;samedi, janvier 19, 2019;2;;
10464;7;20;70;4;samedi, janvier 19, 2019;2;;
10464;4;16;70;4;samedi, janvier 19, 2019;2;;
10465;24;25;10;1;mercredi, octobre 18, 2017;3;;
10465;23;30;10;1;mercredi, octobre 18, 2017;3;;
10465;19;18;10;1;mercredi, octobre 18, 2017;3;;
10465;19;20;10;1;mercredi, octobre 18, 2017;3;;
10465;10;25;10;1;mercredi, octobre 18, 2017;3;;
10466;23;5;28;4;samedi, mars 16, 2019;1;;
10466;11;10;28;4;samedi, mars 16, 2019;1;;
10467;25;12;44;8;dimanche, août 19, 2018;2;;
10467;24;28;44;8;dimanche, août 19, 2018;2;;
10468;13;15;54;3;samedi, novembre 03, 2018;3;;
10468;10;8;54;3;samedi, novembre 03, 2018;3;;
10469;23;2;4;1;samedi, août 05, 2017;1;;
10469;16;35;4;1;samedi, août 05, 2017;1;;
10469;2;40;4;1;samedi, août 05, 2017;1;;
10470;23;15;2;4;dimanche, avril 07, 2019;2;;
10470;18;30;2;4;dimanche, avril 07, 2019;2;;
10470;3;8;2;4;dimanche, avril 07, 2019;2;;
10471;16;20;11;2;mardi, mars 26, 2019;3;;
10471;7;30;11;2;mardi, mars 26, 2019;3;;
10472;24;80;20;8;samedi, janvier 06, 2018;1;;
10472;10;18;20;8;samedi, janvier 06, 2018;1;;
10473;27;12;55;1;dimanche, novembre 11, 2018;3;;
10473;23;12;55;1;dimanche, novembre 11, 2018;3;;
10474;27;18;37;5;mercredi, juin 20, 2018;2;;
10474;27;10;37;5;mercredi, juin 20, 2018;2;;
10474;19;21;37;5;mercredi, juin 20, 2018;2;;
10474;14;12;37;5;mercredi, juin 20, 2018;2;;
10475;26;42;15;9;mercredi, décembre 06, 2017;1;;
10475;11;35;15;9;mercredi, décembre 06, 2017;1;;
10475;9;60;15;9;mercredi, décembre 06, 2017;1;;
10476;27;12;62;8;dimanche, décembre 16, 2018;3;;
10476;15;2;62;8;dimanche, décembre 16, 2018;3;;
10477;21;21;35;5;lundi, juin 04, 2018;2;;
10477;18;20;35;5;lundi, juin 04, 2018;2;;
10477;1;15;35;5;lundi, juin 04, 2018;2;;
10478;10;20;9;2;mardi, octobre 03, 2017;3;;
10479;27;30;29;3;lundi, avril 02, 2018;3;;
10479;7;60;29;3;lundi, avril 02, 2018;3;;
10479;3;28;29;3;lundi, avril 02, 2018;3;;
10479;3;30;29;3;lundi, avril 02, 2018;3;;
10480;23;30;30;6;samedi, février 16, 2019;2;;
10480;7;12;30;6;samedi, février 16, 2019;2;;
10481;19;24;25;8;mercredi, mars 07, 2018;2;;
10481;7;40;25;8;mercredi, mars 07, 2018;2;;
10482;19;10;50;1;dimanche, octobre 07, 2018;3;;
10483;27;30;4;7;mercredi, août 02, 2017;2;;
10483;14;35;4;7;mercredi, août 02, 2017;2;;
10484;21;14;12;3;lundi, mars 25, 2019;3;;
10484;20;10;12;3;lundi, mars 25, 2019;3;;
10484;10;3;12;3;lundi, mars 25, 2019;3;;
10485;27;60;46;4;mercredi, septembre 05, 2018;2;;
10485;15;30;46;4;mercredi, septembre 05, 2018;2;;
10485;3;20;46;4;mercredi, septembre 05, 2018;2;;
10485;2;20;46;4;mercredi, septembre 05, 2018;2;;
10486;27;16;62;1;dimanche, décembre 16, 2018;2;;
10486;11;5;62;1;dimanche, décembre 16, 2018;2;;
10486;10;25;62;1;dimanche, décembre 16, 2018;2;;
10487;26;30;35;2;mardi, mai 22, 2018;2;;
10487;19;5;35;2;mardi, mai 22, 2018;2;;
10487;4;24;35;2;mardi, mai 22, 2018;2;;
10488;27;20;9;8;mercredi, janvier 30, 2019;2;;
10488;7;30;9;8;mercredi, janvier 30, 2019;2;;
10489;16;18;37;6;mercredi, juin 13, 2018;2;;
10489;11;15;37;6;mercredi, juin 13, 2018;2;;
10490;8;30;62;7;dimanche, décembre 16, 2018;2;;
10490;7;60;62;7;dimanche, décembre 16, 2018;2;;
10490;3;36;62;7;dimanche, décembre 16, 2018;2;;
10491;27;7;70;8;samedi, janvier 19, 2019;3;;
10491;23;15;70;8;samedi, janvier 19, 2019;3;;
10492;25;60;56;3;dimanche, mars 31, 2019;1;;
10492;12;20;56;3;dimanche, mars 31, 2019;1;;
10493;14;10;51;4;mardi, octobre 16, 2018;3;;
10493;9;10;51;4;mardi, octobre 16, 2018;3;;
10493;4;15;51;4;mardi, octobre 16, 2018;3;;
10494;16;30;28;4;samedi, mars 16, 2019;2;;
10495;27;5;50;3;mardi, octobre 09, 2018;3;;
10495;23;10;50;3;mardi, octobre 09, 2018;3;;
10495;10;20;50;3;mardi, octobre 09, 2018;3;;
10496;11;20;10;7;mardi, octobre 31, 2017;2;;
10497;27;25;49;7;mardi, octobre 02, 2018;1;;
10497;27;25;49;7;mardi, octobre 02, 2018;1;;
10497;16;14;49;7;mardi, octobre 02, 2018;1;;
10498;24;14;61;8;samedi, décembre 15, 2018;2;;
10498;20;5;61;8;samedi, décembre 15, 2018;2;;
10498;12;30;61;8;samedi, décembre 15, 2018;2;;
10499;27;20;47;4;samedi, septembre 15, 2018;2;;
10499;19;25;47;4;samedi, septembre 15, 2018;2;;
10500;27;8;51;6;lundi, octobre 15, 2018;1;;
10500;15;12;51;6;lundi, octobre 15, 2018;1;;
10501;4;20;15;9;mercredi, avril 17, 2019;3;;
10502;23;21;37;2;mardi, juin 19, 2018;1;;
10502;9;30;37;2;mardi, juin 19, 2018;1;;
10502;3;6;37;2;mardi, juin 19, 2018;1;;
10503;14;70;58;6;dimanche, novembre 25, 2018;2;;
10503;4;20;58;6;dimanche, novembre 25, 2018;2;;
10504;21;12;4;4;mardi, août 01, 2017;3;;
10504;7;25;4;4;mardi, août 01, 2017;3;;
10504;3;10;4;4;mardi, août 01, 2017;3;;
10504;2;12;4;4;mardi, août 01, 2017;3;;
10505;7;3;41;3;mercredi, août 01, 2018;3;;
10506;27;14;54;9;mercredi, octobre 31, 2018;2;;
10506;25;18;54;9;mercredi, octobre 31, 2018;2;;
10507;23;15;26;7;samedi, mai 04, 2019;2;;
10507;13;15;26;7;samedi, mai 04, 2019;2;;
10508;18;10;38;1;dimanche, juillet 01, 2018;2;;
10508;13;10;38;1;dimanche, juillet 01, 2018;2;;
10509;27;3;9;4;mardi, avril 16, 2019;1;;
10510;19;36;21;6;samedi, février 03, 2018;3;;
10510;3;36;21;6;samedi, février 03, 2018;3;;
10511;8;10;5;4;dimanche, avril 07, 2019;3;;
10511;7;50;5;4;dimanche, avril 07, 2019;3;;
10511;4;50;5;4;dimanche, avril 07, 2019;3;;
10512;24;10;19;7;lundi, février 18, 2019;2;;
10512;23;9;19;7;lundi, février 18, 2019;2;;
10512;23;6;19;7;lundi, février 18, 2019;2;;
10512;7;12;19;7;lundi, février 18, 2019;2;;
10513;21;40;7;7;mercredi, septembre 13, 2017;1;;
10513;12;50;7;7;mercredi, septembre 13, 2017;1;;
10513;7;15;7;7;mercredi, septembre 13, 2017;1;;
10514;27;35;19;3;mercredi, février 27, 2019;2;;
10514;20;39;19;3;mercredi, février 27, 2019;2;;
10514;16;70;19;3;mercredi, février 27, 2019;2;;
10514;4;39;19;3;mercredi, février 27, 2019;2;;
10514;3;50;19;3;mercredi, février 27, 2019;2;;
10515;27;120;32;2;samedi, mai 05, 2018;1;;
10515;23;16;32;2;samedi, mai 05, 2018;1;;
10515;16;50;32;2;samedi, mai 05, 2018;1;;
10515;9;16;32;2;samedi, mai 05, 2018;1;;
10515;7;84;32;2;samedi, mai 05, 2018;1;;
10516;18;25;58;2;samedi, novembre 24, 2018;3;;
10516;12;20;58;2;samedi, novembre 24, 2018;3;;
10516;10;80;58;2;samedi, novembre 24, 2018;3;;
10517;27;6;39;3;samedi, juillet 21, 2018;3;;
10517;21;6;39;3;samedi, juillet 21, 2018;3;;
10517;7;4;39;3;samedi, juillet 21, 2018;3;;
10518;27;15;11;4;samedi, novembre 11, 2017;2;;
10518;24;5;11;4;samedi, novembre 11, 2017;2;;
10518;23;9;11;4;samedi, novembre 11, 2017;2;;
10519;16;40;30;6;lundi, mars 18, 2019;3;;
10519;10;16;30;6;lundi, mars 18, 2019;3;;
10519;7;10;30;6;lundi, mars 18, 2019;3;;
10520;24;8;24;7;lundi, février 12, 2018;1;;
10520;3;5;24;7;lundi, février 12, 2018;1;;
10521;15;3;21;8;samedi, mars 23, 2019;2;;
10521;10;10;21;8;samedi, mars 23, 2019;2;;
10521;8;6;21;8;samedi, mars 23, 2019;2;;
10522;20;25;49;4;lundi, octobre 01, 2018;1;;
10522;10;20;49;4;lundi, octobre 01, 2018;1;;
10522;8;24;49;4;lundi, octobre 01, 2018;1;;
10522;1;40;49;4;lundi, octobre 01, 2018;1;;
10523;27;18;20;7;mercredi, janvier 03, 2018;2;;
10523;20;15;20;7;mercredi, janvier 03, 2018;2;;
10523;17;25;20;7;mercredi, janvier 03, 2018;2;;
10523;10;6;20;7;mercredi, janvier 03, 2018;2;;
10524;13;60;25;1;lundi, avril 22, 2019;2;;
10524;10;2;25;1;lundi, avril 22, 2019;2;;
10524;10;10;25;1;lundi, avril 22, 2019;2;;
10524;4;15;25;1;lundi, avril 22, 2019;2;;
10525;20;15;8;1;dimanche, avril 07, 2019;2;;
10525;16;30;8;1;dimanche, avril 07, 2019;2;;
10526;16;30;5;4;dimanche, août 27, 2017;2;;
10526;13;10;5;4;dimanche, août 27, 2017;2;;
10526;1;8;5;4;dimanche, août 27, 2017;2;;
10527;16;30;32;7;mercredi, mai 02, 2018;1;;
10527;4;50;32;7;mercredi, mai 02, 2018;1;;
10528;27;9;63;6;mardi, janvier 01, 2019;2;;
10528;23;8;63;6;mardi, janvier 01, 2019;2;;
10528;11;3;63;6;mardi, janvier 01, 2019;2;;
10529;15;14;43;5;lundi, août 13, 2018;2;;
10529;14;10;43;5;lundi, août 13, 2018;2;;
10529;8;20;43;5;lundi, août 13, 2018;2;;
10530;26;50;37;3;mardi, juin 12, 2018;2;;
10530;17;40;37;3;mardi, juin 12, 2018;2;;
10530;13;25;37;3;mardi, juin 12, 2018;2;;
10530;7;20;37;3;mardi, juin 12, 2018;2;;
10531;7;2;39;7;lundi, juillet 16, 2018;1;;
10532;10;15;31;7;mercredi, mars 06, 2019;3;;
10532;9;24;31;7;mercredi, mars 06, 2019;3;;
10533;27;24;30;8;dimanche, février 10, 2019;1;;
10533;27;24;30;8;dimanche, février 10, 2019;1;;
10533;4;50;30;8;dimanche, février 10, 2019;1;;
10534;20;10;49;8;lundi, octobre 01, 2018;2;;
10534;10;10;49;8;lundi, octobre 01, 2018;2;;
10534;4;10;49;8;lundi, octobre 01, 2018;2;;
10535;20;10;28;4;samedi, mai 04, 2019;1;;
10535;11;50;28;4;samedi, mai 04, 2019;1;;
10535;7;5;28;4;samedi, mai 04, 2019;1;;
10535;7;15;28;4;samedi, mai 04, 2019;1;;
10536;23;30;49;3;dimanche, septembre 30, 2018;2;;
10536;21;20;49;3;dimanche, septembre 30, 2018;2;;
10536;12;15;49;3;dimanche, septembre 30, 2018;2;;
10536;7;35;49;3;dimanche, septembre 30, 2018;2;;
10537;27;21;24;1;lundi, février 26, 2018;1;;
10537;27;9;24;1;lundi, février 26, 2018;1;;
10537;21;30;24;1;lundi, février 26, 2018;1;;
10537;10;6;24;1;lundi, février 26, 2018;1;;
10537;7;20;24;1;lundi, février 26, 2018;1;;
10538;27;7;13;9;lundi, mars 25, 2019;3;;
10538;27;1;13;9;lundi, mars 25, 2019;3;;
10539;23;15;14;6;lundi, mars 25, 2019;3;;
10539;21;15;14;6;lundi, mars 25, 2019;3;;
10539;19;6;14;6;lundi, mars 25, 2019;3;;
10539;13;8;14;6;lundi, mars 25, 2019;3;;
10540;27;30;32;3;mardi, mai 01, 2018;3;;
10540;26;40;32;3;mardi, mai 01, 2018;3;;
10540;8;35;32;3;mardi, mai 01, 2018;3;;
10540;3;60;32;3;mardi, mai 01, 2018;3;;
10541;27;4;63;2;lundi, décembre 24, 2018;1;;
10541;27;9;63;2;lundi, décembre 24, 2018;1;;
10541;24;35;63;2;lundi, décembre 24, 2018;1;;
10541;4;36;63;2;lundi, décembre 24, 2018;1;;
10542;11;15;54;1;mardi, octobre 30, 2018;3;;
10542;4;24;54;1;mardi, octobre 30, 2018;3;;
10543;23;70;47;8;mercredi, septembre 12, 2018;2;;
10543;12;30;47;8;mercredi, septembre 12, 2018;2;;
10544;27;7;44;4;lundi, août 27, 2018;1;;
10544;9;7;44;4;lundi, août 27, 2018;1;;
10545;11;10;49;8;samedi, octobre 06, 2018;2;;
10546;15;30;9;1;lundi, octobre 02, 2017;3;;
10546;7;10;9;1;lundi, octobre 02, 2017;3;;
10546;7;40;9;1;lundi, octobre 02, 2017;3;;
10547;16;60;20;3;mercredi, janvier 03, 2018;2;;
10547;12;24;20;3;mercredi, janvier 03, 2018;2;;
10548;14;10;11;3;dimanche, novembre 19, 2017;2;;
10548;10;14;11;3;dimanche, novembre 19, 2017;2;;
10549;23;100;32;5;mardi, mai 01, 2018;1;;
10549;21;55;32;5;mardi, mai 01, 2018;1;;
10549;10;48;32;5;mardi, mai 01, 2018;1;;
10550;21;6;70;7;samedi, janvier 12, 2019;3;;
10550;19;10;70;7;samedi, janvier 12, 2019;3;;
10550;17;8;70;7;samedi, janvier 12, 2019;3;;
10550;7;10;70;7;samedi, janvier 12, 2019;3;;
10551;23;40;70;4;mercredi, janvier 16, 2019;3;;
10551;16;40;70;4;mercredi, janvier 16, 2019;3;;
10551;15;20;70;4;mercredi, janvier 16, 2019;3;;
10552;14;18;61;2;samedi, décembre 15, 2018;1;;
10552;3;30;61;2;samedi, décembre 15, 2018;1;;
10553;22;24;5;2;dimanche, août 27, 2017;2;;
10553;21;30;5;2;dimanche, août 27, 2017;2;;
10553;16;14;5;2;dimanche, août 27, 2017;2;;
10553;15;6;5;2;dimanche, août 27, 2017;2;;
10553;11;15;5;2;dimanche, août 27, 2017;2;;
10554;27;10;37;4;samedi, juin 30, 2018;3;;
10554;23;20;37;4;samedi, juin 30, 2018;3;;
10554;16;30;37;4;samedi, juin 30, 2018;3;;
10554;7;20;37;4;samedi, juin 30, 2018;3;;
10555;24;18;21;6;samedi, février 03, 2018;3;;
10555;19;35;21;6;samedi, février 03, 2018;3;;
10555;16;40;21;6;samedi, février 03, 2018;3;;
10555;14;30;21;6;samedi, février 03, 2018;3;;
10555;10;20;21;6;samedi, février 03, 2018;3;;
10556;27;24;19;2;mercredi, décembre 27, 2017;1;;
10557;3;30;49;9;dimanche, septembre 30, 2018;2;;
10557;3;20;49;9;dimanche, septembre 30, 2018;2;;
10558;27;3;41;1;lundi, avril 29, 2019;1;;
10558;23;25;41;1;lundi, avril 29, 2019;1;;
10558;21;30;41;1;lundi, avril 29, 2019;1;;
10558;10;20;41;1;lundi, avril 29, 2019;1;;
10558;3;18;41;1;lundi, avril 29, 2019;1;;
10559;15;18;27;6;samedi, avril 13, 2019;1;;
10559;10;12;27;6;samedi, avril 13, 2019;1;;
10560;10;20;9;8;mardi, janvier 29, 2019;1;;
10560;7;15;9;8;mardi, janvier 29, 2019;1;;
10561;23;10;30;2;dimanche, février 10, 2019;2;;
10561;11;50;30;2;dimanche, février 10, 2019;2;;
10562;23;20;27;1;mardi, mars 20, 2018;1;;
10562;7;10;27;1;mardi, mars 20, 2018;1;;
10563;21;70;25;2;mardi, mars 06, 2018;2;;
10563;16;25;25;2;mardi, mars 06, 2018;2;;
10564;21;6;29;4;lundi, avril 02, 2018;3;;
10564;17;16;29;4;lundi, avril 02, 2018;3;;
10564;15;25;29;4;lundi, avril 02, 2018;3;;
10565;24;25;41;8;mardi, juillet 31, 2018;2;;
10565;3;18;41;8;mardi, juillet 31, 2018;2;;
10566;26;10;29;9;samedi, avril 13, 2019;1;;
10566;18;18;29;9;samedi, avril 13, 2019;1;;
10566;11;35;29;9;samedi, avril 13, 2019;1;;
10567;21;60;58;1;samedi, novembre 24, 2018;1;;
10567;11;3;58;1;samedi, novembre 24, 2018;1;;
10567;7;40;58;1;samedi, novembre 24, 2018;1;;
10568;10;5;70;3;lundi, janvier 14, 2019;3;;
10569;26;30;29;5;dimanche, avril 01, 2018;1;;
10569;21;35;29;5;dimanche, avril 01, 2018;1;;
10570;16;60;41;3;mardi, juillet 31, 2018;3;;
10570;11;15;41;3;mardi, juillet 31, 2018;3;;
10571;14;11;19;8;mercredi, février 27, 2019;3;;
10571;12;28;19;8;mercredi, février 27, 2019;3;;
10572;20;50;29;3;lundi, avril 22, 2019;2;;
10572;16;12;29;3;lundi, avril 22, 2019;2;;
10572;12;10;29;3;lundi, avril 22, 2019;2;;
10572;3;15;29;3;lundi, avril 22, 2019;2;;
10573;17;18;30;7;mercredi, mai 01, 2019;1;;
10573;14;40;30;7;mercredi, mai 01, 2019;1;;
10573;3;25;30;7;mercredi, mai 01, 2019;1;;
10574;23;14;10;4;mercredi, octobre 25, 2017;2;;
10574;20;2;10;4;mercredi, octobre 25, 2017;2;;
10574;7;10;10;4;mercredi, octobre 25, 2017;2;;
10574;3;6;10;4;mercredi, octobre 25, 2017;2;;
10575;27;30;40;5;mardi, juillet 24, 2018;1;;
10575;26;10;40;5;mardi, juillet 24, 2018;1;;
10575;7;12;40;5;mardi, juillet 24, 2018;1;;
10575;7;6;40;5;mardi, juillet 24, 2018;1;;
10576;23;21;11;3;mercredi, novembre 08, 2017;3;;
10576;21;20;11;3;mercredi, novembre 08, 2017;3;;
10576;1;10;11;3;mercredi, novembre 08, 2017;3;;
10577;27;18;10;9;mardi, octobre 24, 2017;2;;
10577;18;10;10;9;mardi, octobre 24, 2017;2;;
10577;3;20;10;9;mardi, octobre 24, 2017;2;;
10578;15;20;15;4;dimanche, mars 24, 2019;3;;
10578;7;6;15;4;dimanche, mars 24, 2019;3;;
10579;15;10;48;1;dimanche, septembre 23, 2018;2;;
10579;3;21;48;1;dimanche, septembre 23, 2018;2;;
10580;14;15;37;4;samedi, juin 30, 2018;3;;
10580;10;9;37;4;samedi, juin 30, 2018;3;;
10580;4;30;37;4;samedi, juin 30, 2018;3;;
10581;3;50;19;3;dimanche, février 17, 2019;1;;
10582;26;14;3;3;mardi, avril 16, 2019;2;;
10582;7;4;3;3;mardi, avril 16, 2019;2;;
10583;19;10;5;2;samedi, août 26, 2017;2;;
10583;14;10;5;2;samedi, août 26, 2017;2;;
10583;7;24;5;2;samedi, août 26, 2017;2;;
10584;21;50;31;4;mercredi, avril 10, 2019;1;;
10585;23;15;5;7;mardi, août 15, 2017;1;;
10586;21;4;27;9;lundi, mars 19, 2018;1;;
10587;27;20;35;1;mardi, mai 29, 2018;1;;
10587;26;6;35;1;mardi, mai 29, 2018;1;;
10587;15;20;35;1;mardi, mai 29, 2018;1;;
10588;18;40;32;2;lundi, avril 30, 2018;3;;
10588;12;100;32;2;lundi, avril 30, 2018;3;;
10589;15;4;63;8;mardi, janvier 01, 2019;2;;
10590;27;60;41;4;lundi, juillet 30, 2018;3;;
10590;1;20;41;4;lundi, juillet 30, 2018;3;;
10591;7;10;9;1;mardi, octobre 17, 2017;1;;
10591;4;50;9;1;mardi, octobre 17, 2017;1;;
10591;3;14;9;1;mardi, octobre 17, 2017;1;;
10592;26;5;49;3;samedi, septembre 29, 2018;1;;
10592;15;25;49;3;samedi, septembre 29, 2018;1;;
10593;26;4;48;7;mercredi, septembre 26, 2018;2;;
10593;20;21;48;7;mercredi, septembre 26, 2018;2;;
10593;14;20;48;7;mercredi, septembre 26, 2018;2;;
10594;12;24;38;3;lundi, juillet 09, 2018;2;;
10594;7;30;38;3;lundi, juillet 09, 2018;2;;
10595;15;30;19;2;mercredi, février 27, 2019;1;;
10595;14;65;19;2;mercredi, février 27, 2019;1;;
10595;7;120;19;2;mercredi, février 27, 2019;1;;
10596;7;24;4;8;mardi, août 01, 2017;1;;
10596;6;5;4;8;mardi, août 01, 2017;1;;
10596;3;30;4;8;mardi, août 01, 2017;1;;
10597;24;35;37;7;mardi, juin 12, 2018;3;;
10597;7;20;37;7;mardi, juin 12, 2018;3;;
10597;4;12;37;7;mardi, juin 12, 2018;3;;
10598;27;50;28;1;samedi, mars 31, 2018;3;;
10598;27;9;28;1;samedi, mars 31, 2018;3;;
10599;7;10;16;6;dimanche, mars 24, 2019;3;;
10600;27;30;59;4;dimanche, décembre 02, 2018;1;;
10600;4;4;59;4;dimanche, décembre 02, 2018;1;;
10601;13;60;61;7;mercredi, décembre 12, 2018;1;;
10601;7;35;61;7;mercredi, décembre 12, 2018;1;;
10602;27;5;9;8;lundi, octobre 16, 2017;2;;
10603;22;48;21;8;mercredi, janvier 31, 2018;2;;
10603;19;25;21;8;mercredi, janvier 31, 2018;2;;
10604;26;10;65;1;mercredi, janvier 16, 2019;1;;
10604;23;6;65;1;mercredi, janvier 16, 2019;1;;
10605;27;15;41;1;dimanche, juillet 29, 2018;2;;
10605;16;30;41;1;dimanche, juillet 29, 2018;2;;
10605;7;20;41;1;dimanche, juillet 29, 2018;2;;
10605;7;70;41;1;dimanche, juillet 29, 2018;2;;
10606;15;20;10;4;lundi, octobre 30, 2017;3;;
10606;7;10;10;4;lundi, octobre 30, 2017;3;;
10606;4;20;10;4;lundi, octobre 30, 2017;3;;
10607;27;12;21;5;mardi, janvier 30, 2018;1;;
10607;23;14;21;5;mardi, janvier 30, 2018;1;;
10607;20;42;21;5;mardi, janvier 30, 2018;1;;
10607;17;100;21;5;mardi, janvier 30, 2018;1;;
10607;7;45;21;5;mardi, janvier 30, 2018;1;;
10608;6;28;11;4;samedi, novembre 18, 2017;2;;
10609;21;6;31;7;dimanche, mars 10, 2019;2;;
10609;10;10;31;7;dimanche, mars 10, 2019;2;;
10609;1;3;31;7;dimanche, mars 10, 2019;2;;
10610;16;21;51;8;dimanche, octobre 14, 2018;1;;
10611;7;15;2;6;lundi, juillet 10, 2017;2;;
10611;2;10;2;6;lundi, juillet 10, 2017;2;;
10611;1;6;2;6;lundi, juillet 10, 2017;2;;
10612;26;80;21;1;mardi, janvier 30, 2018;2;;
10612;19;18;21;1;mardi, janvier 30, 2018;2;;
10612;16;55;21;1;mardi, janvier 30, 2018;2;;
10612;10;70;21;1;mardi, janvier 30, 2018;2;;
10612;7;40;21;1;mardi, janvier 30, 2018;2;;
10613;13;8;61;4;mardi, décembre 11, 2018;2;;
10613;3;40;61;4;mardi, décembre 11, 2018;2;;
10614;21;8;9;8;mardi, avril 16, 2019;3;;
10614;18;5;9;8;mardi, avril 16, 2019;3;;
10614;11;14;9;8;mardi, avril 16, 2019;3;;
10615;15;5;3;2;mercredi, juillet 19, 2017;3;;
10616;27;15;63;1;lundi, décembre 31, 2018;2;;
10616;27;15;63;1;lundi, décembre 31, 2018;2;;
10616;27;15;63;1;lundi, décembre 31, 2018;2;;
10616;6;14;63;1;lundi, décembre 31, 2018;2;;
10617;7;30;63;4;lundi, décembre 31, 2018;2;;
10618;8;15;41;1;dimanche, juillet 29, 2018;1;;
10618;6;70;41;1;dimanche, juillet 29, 2018;1;;
10618;6;20;41;1;dimanche, juillet 29, 2018;1;;
10619;22;40;40;3;samedi, juillet 28, 2018;3;;
10619;21;42;40;3;samedi, juillet 28, 2018;3;;
10620;24;5;50;2;lundi, octobre 08, 2018;3;;
10620;12;5;50;2;lundi, octobre 08, 2018;3;;
10621;27;20;55;4;dimanche, novembre 11, 2018;2;;
10621;27;15;55;4;dimanche, novembre 11, 2018;2;;
10621;23;10;55;4;dimanche, novembre 11, 2018;2;;
10621;19;5;55;4;dimanche, novembre 11, 2018;2;;
10622;8;18;25;4;mardi, mars 06, 2018;3;;
10622;2;20;25;4;mardi, mars 06, 2018;3;;
10623;24;3;9;8;mardi, janvier 29, 2019;2;;
10623;21;25;9;8;mardi, janvier 29, 2019;2;;
10623;19;15;9;8;mardi, janvier 29, 2019;2;;
10623;15;30;9;8;mardi, janvier 29, 2019;2;;
10623;14;21;9;8;mardi, janvier 29, 2019;2;;
10624;27;10;12;4;dimanche, novembre 26, 2017;2;;
10624;23;10;12;4;dimanche, novembre 26, 2017;2;;
10624;19;6;12;4;dimanche, novembre 26, 2017;2;;
10625;14;3;18;3;dimanche, mai 05, 2019;3;;
10625;12;5;18;3;dimanche, mai 05, 2019;3;;
10625;7;10;18;3;dimanche, mai 05, 2019;3;;
10626;27;20;33;1;lundi, avril 22, 2019;2;;
10626;7;20;33;1;lundi, avril 22, 2019;2;;
10626;3;12;33;1;lundi, avril 22, 2019;2;;
10627;27;35;21;8;lundi, janvier 29, 2018;3;;
10627;7;15;21;8;lundi, janvier 29, 2018;3;;
10628;1;25;33;4;mercredi, avril 10, 2019;3;;
10629;19;20;65;4;samedi, janvier 12, 2019;3;;
10629;3;9;65;4;samedi, janvier 12, 2019;3;;
10630;26;35;54;1;mardi, octobre 30, 2018;2;;
10630;5;12;54;1;mardi, octobre 30, 2018;2;;
10631;3;8;51;8;dimanche, octobre 14, 2018;1;;
10632;23;20;7;8;mardi, septembre 12, 2017;1;;
10632;2;30;7;8;mardi, septembre 12, 2017;1;;
10633;26;35;19;7;mardi, février 26, 2019;3;;
10633;13;13;19;7;mardi, février 26, 2019;3;;
10633;12;36;19;7;mardi, février 26, 2019;3;;
10633;7;80;19;7;mardi, février 26, 2019;3;;
10634;18;50;30;4;mercredi, février 13, 2019;3;;
10634;11;15;30;4;mercredi, février 13, 2019;3;;
10634;7;35;30;4;mercredi, février 13, 2019;3;;
10634;3;2;30;4;mercredi, février 13, 2019;3;;
10635;22;40;44;8;dimanche, août 19, 2018;3;;
10635;5;15;44;8;dimanche, août 19, 2018;3;;
10635;4;10;44;8;dimanche, août 19, 2018;3;;
10636;7;6;5;4;mercredi, août 23, 2017;1;;
10636;4;25;5;4;mercredi, août 23, 2017;1;;
10637;11;10;35;6;lundi, mai 21, 2018;1;;
10637;10;25;35;6;lundi, mai 21, 2018;1;;
10637;6;60;35;6;lundi, mai 21, 2018;1;;
10638;27;60;46;3;mercredi, septembre 05, 2018;1;;
10638;23;20;46;3;mercredi, septembre 05, 2018;1;;
10638;5;21;46;3;mercredi, septembre 05, 2018;1;;
10639;18;8;24;7;lundi, février 12, 2018;3;;
10640;27;15;7;4;lundi, septembre 11, 2017;1;;
10640;14;20;7;4;lundi, septembre 11, 2017;1;;
10641;20;60;61;4;mardi, décembre 11, 2018;2;;
10641;2;50;61;4;mardi, décembre 11, 2018;2;;
10642;21;30;19;7;mercredi, décembre 27, 2017;3;;
10642;7;20;19;7;mercredi, décembre 27, 2017;3;;
10643;27;15;37;6;lundi, avril 29, 2019;1;;
10643;23;2;37;6;lundi, avril 29, 2019;1;;
10643;18;21;37;6;lundi, avril 29, 2019;1;;
10644;23;21;5;3;lundi, août 14, 2017;2;;
10644;18;4;5;3;lundi, août 14, 2017;2;;
10644;13;20;5;3;lundi, août 14, 2017;2;;
10645;18;20;63;4;lundi, décembre 24, 2018;1;;
10645;16;15;63;4;lundi, décembre 24, 2018;1;;
10646;27;30;58;9;mercredi, novembre 21, 2018;3;;
10646;27;35;58;9;mercredi, novembre 21, 2018;3;;
10646;10;18;58;9;mercredi, novembre 21, 2018;3;;
10646;1;15;58;9;mercredi, novembre 21, 2018;3;;
10647;19;30;35;4;lundi, mai 28, 2018;2;;
10647;18;20;35;4;lundi, mai 28, 2018;2;;
10648;24;15;25;5;lundi, mars 05, 2018;2;;
10648;22;15;25;5;lundi, mars 05, 2018;2;;
10649;27;20;42;5;dimanche, août 12, 2018;3;;
10649;27;15;42;5;dimanche, août 12, 2018;3;;
10650;14;30;30;5;dimanche, février 17, 2019;3;;
10650;10;30;30;5;dimanche, février 17, 2019;3;;
10650;3;25;30;5;dimanche, février 17, 2019;3;;
10651;22;20;7;8;dimanche, septembre 10, 2017;2;;
10651;19;12;7;8;dimanche, septembre 10, 2017;2;;
10652;12;20;63;4;dimanche, janvier 06, 2019;2;;
10652;10;2;63;4;dimanche, janvier 06, 2019;2;;
10653;16;30;10;1;mardi, janvier 29, 2019;1;;
10653;7;20;10;1;mardi, janvier 29, 2019;1;;
10654;18;20;75;5;lundi, avril 22, 2019;1;;
10654;14;6;75;5;lundi, avril 22, 2019;1;;
10654;4;12;75;5;lundi, avril 22, 2019;1;;
10655;11;20;27;1;dimanche, mars 18, 2018;2;;
10656;23;28;63;6;dimanche, décembre 30, 2018;1;;
10656;23;6;63;6;dimanche, décembre 30, 2018;1;;
10656;14;3;63;6;dimanche, décembre 30, 2018;1;;
10657;23;45;20;2;dimanche, janvier 28, 2018;2;;
10657;23;10;20;2;dimanche, janvier 28, 2018;2;;
10657;15;50;20;2;dimanche, janvier 28, 2018;2;;
10657;11;24;20;2;dimanche, janvier 28, 2018;2;;
10657;7;30;20;2;dimanche, janvier 28, 2018;2;;
10657;6;45;20;2;dimanche, janvier 28, 2018;2;;
10658;27;70;32;4;dimanche, avril 29, 2018;1;;
10658;21;60;32;4;dimanche, avril 29, 2018;1;;
10658;20;70;32;4;dimanche, avril 29, 2018;1;;
10658;7;55;32;4;dimanche, avril 29, 2018;1;;
10659;27;40;35;7;lundi, mai 21, 2018;2;;
10659;21;20;35;7;lundi, mai 21, 2018;2;;
10659;20;24;35;7;lundi, mai 21, 2018;2;;
10660;20;21;59;8;samedi, décembre 01, 2018;1;;
10661;18;3;58;7;mardi, novembre 20, 2018;3;;
10661;7;49;58;7;mardi, novembre 20, 2018;3;;
10662;8;10;44;3;dimanche, août 26, 2018;2;;
10663;20;30;11;2;samedi, avril 06, 2019;2;;
10663;12;30;11;2;samedi, avril 06, 2019;2;;
10663;11;20;11;2;samedi, avril 06, 2019;2;;
10664;17;22;65;1;mardi, janvier 15, 2019;3;;
10664;10;24;65;1;mardi, janvier 15, 2019;3;;
10664;6;12;65;1;mardi, janvier 15, 2019;3;;
10665;26;10;44;1;samedi, août 25, 2018;2;;
10665;11;20;44;1;samedi, août 25, 2018;2;;
10665;7;1;44;1;samedi, août 25, 2018;2;;
10666;17;34;24;7;dimanche, février 25, 2018;2;;
10666;19;36;24;7;dimanche, février 25, 2018;2;;
10667;27;14;19;7;mardi, février 26, 2019;1;;
10667;14;45;19;7;mardi, février 26, 2019;1;;
10668;21;8;6;1;samedi, septembre 09, 2017;2;;
10668;5;4;6;1;samedi, septembre 09, 2017;2;;
10668;3;15;6;1;samedi, septembre 09, 2017;2;;
10669;16;30;19;2;mardi, décembre 26, 2017;1;;
10670;27;50;10;4;lundi, janvier 28, 2019;1;;
10670;23;32;10;4;lundi, janvier 28, 2019;1;;
10670;23;60;10;4;lundi, janvier 28, 2019;1;;
10670;9;25;10;4;lundi, janvier 28, 2019;1;;
10670;3;25;10;4;lundi, janvier 28, 2019;1;;
10671;17;12;71;1;mercredi, janvier 23, 2019;1;;
10671;16;10;71;1;mercredi, janvier 23, 2019;1;;
10671;7;10;71;1;mercredi, janvier 23, 2019;1;;
10672;27;12;74;9;dimanche, avril 21, 2019;2;;
10672;18;15;74;9;dimanche, avril 21, 2019;2;;
10673;16;3;3;2;mercredi, juillet 19, 2017;1;;
10673;13;6;3;2;mercredi, juillet 19, 2017;1;;
10673;12;6;3;2;mercredi, juillet 19, 2017;1;;
10674;23;5;55;4;samedi, novembre 10, 2018;2;;
10675;14;30;10;5;lundi, janvier 28, 2019;2;;
10675;7;30;10;5;lundi, janvier 28, 2019;2;;
10675;3;10;10;5;lundi, janvier 28, 2019;2;;
10676;23;21;11;2;mardi, novembre 07, 2017;2;;
10676;19;7;11;2;mardi, novembre 07, 2017;2;;
10676;10;2;11;2;mardi, novembre 07, 2017;2;;
10677;26;30;32;1;mercredi, mai 01, 2019;3;;
10677;23;8;32;1;mercredi, mai 01, 2019;3;;
10678;23;30;20;7;samedi, janvier 27, 2018;3;;
10678;14;30;20;7;samedi, janvier 27, 2018;3;;
10678;12;100;20;7;samedi, janvier 27, 2018;3;;
10678;11;120;20;7;samedi, janvier 27, 2018;3;;
10679;7;12;35;8;mercredi, avril 10, 2019;3;;
10680;21;20;38;1;lundi, juillet 09, 2018;1;;
10680;16;50;38;1;lundi, juillet 09, 2018;1;;
10680;12;40;38;1;lundi, juillet 09, 2018;1;;
10681;21;12;63;3;dimanche, décembre 30, 2018;3;;
10681;19;30;63;3;dimanche, décembre 30, 2018;3;;
10681;3;28;63;3;dimanche, décembre 30, 2018;3;;
10682;23;30;34;3;mercredi, mai 01, 2019;1;;
10682;9;4;34;3;mercredi, mai 01, 2019;1;;
10682;3;30;34;3;mercredi, mai 01, 2019;1;;
10683;12;9;31;2;samedi, mars 09, 2019;1;;
10684;23;40;37;3;mercredi, juin 27, 2018;1;;
10684;20;20;37;3;mercredi, juin 27, 2018;1;;
10684;7;30;37;3;mercredi, juin 27, 2018;1;;
10685;23;15;63;4;dimanche, janvier 06, 2019;2;;
10685;11;4;63;4;dimanche, janvier 06, 2019;2;;
10685;10;20;63;4;dimanche, janvier 06, 2019;2;;
10686;26;15;36;2;lundi, juin 11, 2018;1;;
10686;17;30;36;2;lundi, juin 11, 2018;1;;
10687;19;10;57;9;mardi, novembre 20, 2018;2;;
10687;16;6;57;9;mardi, novembre 20, 2018;2;;
10687;9;50;57;9;mardi, novembre 20, 2018;2;;
10688;27;60;9;4;lundi, octobre 16, 2017;2;;
10688;14;14;9;4;lundi, octobre 16, 2017;2;;
10688;10;18;9;4;lundi, octobre 16, 2017;2;;
10689;1;35;63;1;dimanche, avril 21, 2019;2;;
10690;27;30;63;1;dimanche, décembre 23, 2018;1;;
10690;6;20;63;1;dimanche, décembre 23, 2018;1;;
10691;23;24;32;2;dimanche, avril 29, 2018;2;;
10691;19;40;32;2;dimanche, avril 29, 2018;2;;
10691;13;40;32;2;dimanche, avril 29, 2018;2;;
10691;7;48;32;2;dimanche, avril 29, 2018;2;;
10691;1;30;32;2;dimanche, avril 29, 2018;2;;
10692;7;20;17;4;dimanche, mars 24, 2019;2;;
10693;27;15;4;3;lundi, juillet 31, 2017;3;;
10693;14;60;4;3;lundi, juillet 31, 2017;3;;
10693;14;30;4;3;lundi, juillet 31, 2017;3;;
10693;9;6;4;3;lundi, juillet 31, 2017;3;;
10694;27;50;32;8;samedi, avril 28, 2018;3;;
10694;7;90;32;8;samedi, avril 28, 2018;3;;
10694;7;25;32;8;samedi, avril 28, 2018;3;;
10695;24;20;3;7;mardi, juillet 18, 2017;1;;
10695;12;4;3;7;mardi, juillet 18, 2017;1;;
10695;8;10;3;7;mardi, juillet 18, 2017;1;;
10696;23;18;4;8;dimanche, juillet 30, 2017;3;;
10696;17;20;4;8;dimanche, juillet 30, 2017;3;;
10697;27;30;46;3;mardi, septembre 04, 2018;1;;
10697;19;7;46;3;mardi, septembre 04, 2018;1;;
10697;15;9;46;3;mardi, septembre 04, 2018;1;;
10697;7;30;46;3;mardi, septembre 04, 2018;1;;
10698;17;54;19;4;mardi, février 26, 2019;1;;
10698;27;8;19;4;mardi, février 26, 2019;1;;
10698;19;12;19;4;mardi, février 26, 2019;1;;
10698;17;8;19;4;mardi, février 26, 2019;1;;
10698;11;15;19;4;mardi, février 26, 2019;1;;
10699;23;12;39;3;lundi, juillet 23, 2018;3;;
10700;27;60;20;3;samedi, janvier 27, 2018;1;;
10700;14;12;20;3;samedi, janvier 27, 2018;1;;
10700;8;40;20;3;samedi, janvier 27, 2018;1;;
10700;1;5;20;3;samedi, janvier 27, 2018;1;;
10701;27;20;56;6;lundi, novembre 19, 2018;3;;
10701;26;35;56;6;lundi, novembre 19, 2018;3;;
10701;7;42;56;6;lundi, novembre 19, 2018;3;;
10702;26;15;8;4;lundi, mai 06, 2019;2;;
10702;3;6;8;4;lundi, mai 06, 2019;2;;
10703;27;35;30;6;samedi, février 09, 2019;2;;
10703;7;35;30;6;samedi, février 09, 2019;2;;
10703;2;5;30;6;samedi, février 09, 2019;2;;
10704;24;35;34;6;dimanche, mai 20, 2018;1;;
10704;23;24;34;6;dimanche, mai 20, 2018;1;;
10704;4;6;34;6;dimanche, mai 20, 2018;1;;
10705;21;20;61;9;lundi, décembre 10, 2018;2;;
10705;12;4;61;9;lundi, décembre 10, 2018;2;;
10706;16;20;38;8;dimanche, juillet 08, 2018;3;;
10706;13;24;38;8;dimanche, juillet 08, 2018;3;;
10706;7;8;38;8;dimanche, juillet 08, 2018;3;;
10707;27;28;33;4;lundi, avril 29, 2019;1;;
10707;7;40;33;4;lundi, avril 29, 2019;1;;
10707;5;21;33;4;lundi, avril 29, 2019;1;;
10708;16;5;14;6;mardi, novembre 28, 2017;2;;
10708;5;4;14;6;mardi, novembre 28, 2017;2;;
10709;11;28;63;1;samedi, janvier 05, 2019;3;;
10709;8;40;63;1;samedi, janvier 05, 2019;3;;
10709;7;10;63;1;samedi, janvier 05, 2019;3;;
10710;23;5;71;1;mardi, janvier 22, 2019;1;;
10710;19;5;71;1;mardi, janvier 22, 2019;1;;
10711;19;12;20;5;mercredi, janvier 24, 2018;2;;
10711;11;42;20;5;mercredi, janvier 24, 2018;2;;
10711;3;120;20;5;mercredi, janvier 24, 2018;2;;
10712;6;30;56;3;lundi, novembre 19, 2018;1;;
10712;3;3;56;3;lundi, novembre 19, 2018;1;;
10713;26;30;20;1;mardi, janvier 23, 2018;1;;
10713;23;110;20;1;mardi, janvier 23, 2018;1;;
10713;23;24;20;1;mardi, janvier 23, 2018;1;;
10713;10;18;20;1;mardi, janvier 23, 2018;1;;
10714;23;50;20;5;mardi, janvier 23, 2018;3;;
10714;17;27;20;5;mardi, janvier 23, 2018;3;;
10714;7;12;20;5;mardi, janvier 23, 2018;3;;
10714;6;18;20;5;mardi, janvier 23, 2018;3;;
10714;2;30;20;5;mardi, janvier 23, 2018;3;;
10715;27;30;14;3;samedi, avril 06, 2019;1;;
10715;10;21;14;3;samedi, avril 06, 2019;1;;
10716;21;5;30;4;samedi, avril 14, 2018;2;;
10716;11;7;30;4;samedi, avril 14, 2018;2;;
10716;7;10;30;4;samedi, avril 14, 2018;2;;
10717;21;32;74;1;dimanche, janvier 27, 2019;2;;
10717;14;15;74;1;dimanche, janvier 27, 2019;2;;
10717;14;25;74;1;dimanche, janvier 27, 2019;2;;
10718;16;20;53;1;lundi, octobre 29, 2018;3;;
10718;16;40;53;1;lundi, octobre 29, 2018;3;;
10718;12;36;53;1;lundi, octobre 29, 2018;3;;
10718;7;20;53;1;lundi, octobre 29, 2018;3;;
10719;18;12;48;8;samedi, septembre 22, 2018;2;;
10719;14;40;48;8;samedi, septembre 22, 2018;2;;
10719;10;3;48;8;samedi, septembre 22, 2018;2;;
10720;27;8;35;8;lundi, mai 28, 2018;2;;
10720;15;21;35;8;lundi, mai 28, 2018;2;;
10721;23;50;32;5;mercredi, avril 25, 2018;3;;
10722;21;50;20;8;lundi, janvier 22, 2018;1;;
10722;8;45;20;8;lundi, janvier 22, 2018;1;;
10722;3;42;20;8;lundi, janvier 22, 2018;1;;
10722;2;3;20;8;lundi, janvier 22, 2018;1;;
10723;26;15;4;3;samedi, juillet 29, 2017;1;;
10724;10;16;40;8;mercredi, juillet 25, 2018;2;;
10724;7;5;40;8;mercredi, juillet 25, 2018;2;;
10725;12;4;30;4;samedi, février 16, 2019;3;;
10725;11;12;30;4;samedi, février 16, 2019;3;;
10725;5;6;30;4;samedi, février 16, 2019;3;;
10726;11;5;31;4;mercredi, mars 06, 2019;1;;
10726;4;25;31;4;mercredi, mars 06, 2019;1;;
10727;17;20;26;2;samedi, mars 17, 2018;1;;
10727;7;10;26;2;samedi, mars 17, 2018;1;;
10727;6;10;26;2;samedi, mars 17, 2018;1;;
10728;20;6;34;4;samedi, mai 19, 2018;2;;
10728;10;15;34;4;samedi, mai 19, 2018;2;;
10728;7;15;34;4;samedi, mai 19, 2018;2;;
10728;5;12;34;4;samedi, mai 19, 2018;2;;
10729;21;30;46;8;mardi, septembre 04, 2018;3;;
10729;10;40;46;8;mardi, septembre 04, 2018;3;;
10729;1;50;46;8;mardi, septembre 04, 2018;3;;
10730;17;10;17;5;samedi, avril 06, 2019;1;;
10730;21;3;17;5;samedi, avril 06, 2019;1;;
10730;16;15;17;5;samedi, avril 06, 2019;1;;
10731;21;40;31;7;lundi, mars 18, 2019;1;;
10731;11;30;31;7;lundi, mars 18, 2019;1;;
10732;26;20;20;3;samedi, avril 06, 2019;1;;
10733;27;20;57;1;dimanche, avril 21, 2019;3;;
10733;14;16;57;1;dimanche, avril 21, 2019;3;;
10733;12;25;57;1;dimanche, avril 21, 2019;3;;
10734;26;20;63;2;samedi, janvier 05, 2019;3;;
10734;10;15;63;2;samedi, janvier 05, 2019;3;;
10734;6;30;63;2;samedi, janvier 05, 2019;3;;
10735;27;2;47;6;samedi, septembre 22, 2018;2;;
10735;7;20;47;6;samedi, septembre 22, 2018;2;;
10736;18;31;56;9;dimanche, novembre 18, 2018;2;;
10736;3;20;56;9;dimanche, novembre 18, 2018;2;;
10737;13;4;7;2;mercredi, septembre 20, 2017;2;;
10737;11;12;7;2;mercredi, septembre 20, 2017;2;;
10738;16;3;19;2;dimanche, décembre 24, 2017;1;;
10739;16;6;7;3;mercredi, septembre 20, 2017;3;;
10739;12;18;7;3;mercredi, septembre 20, 2017;3;;
10740;27;5;4;4;mercredi, juillet 26, 2017;2;;
10740;23;40;4;4;mercredi, juillet 26, 2017;2;;
10740;15;35;4;4;mercredi, juillet 26, 2017;2;;
10740;6;14;4;4;mercredi, juillet 26, 2017;2;;
10741;2;15;29;4;dimanche, avril 28, 2019;2;;
10742;27;35;59;3;dimanche, mars 31, 2019;3;;
10742;7;50;59;3;dimanche, mars 31, 2019;3;;
10742;3;20;59;3;dimanche, mars 31, 2019;3;;
10743;23;28;25;1;dimanche, avril 28, 2019;2;;
10744;21;50;9;6;dimanche, octobre 15, 2017;1;;
10745;27;7;32;9;mardi, avril 24, 2018;1;;
10745;23;16;32;9;mardi, avril 24, 2018;1;;
10745;18;24;32;9;mardi, avril 24, 2018;1;;
10745;7;45;32;9;mardi, avril 24, 2018;1;;
10746;27;40;32;1;dimanche, mars 17, 2019;3;;
10746;13;6;32;1;dimanche, mars 17, 2019;3;;
10746;12;28;32;1;dimanche, mars 17, 2019;3;;
10746;7;9;32;1;dimanche, mars 17, 2019;3;;
10747;27;30;36;6;dimanche, juin 10, 2018;1;;
10747;21;8;36;6;dimanche, juin 10, 2018;1;;
10747;11;35;36;6;dimanche, juin 10, 2018;1;;
10747;7;9;36;6;dimanche, juin 10, 2018;1;;
10748;23;44;20;3;dimanche, janvier 21, 2018;1;;
10748;21;40;20;3;dimanche, janvier 21, 2018;1;;
10748;6;28;20;3;dimanche, janvier 21, 2018;1;;
10749;26;10;55;4;mercredi, novembre 07, 2018;2;;
10749;7;6;55;4;mercredi, novembre 07, 2018;2;;
10749;6;15;55;4;mercredi, novembre 07, 2018;2;;
10750;23;40;5;9;mardi, août 22, 2017;1;;
10750;14;5;5;9;mardi, août 22, 2017;1;;
10750;7;25;5;9;mardi, août 22, 2017;1;;
10751;27;15;24;3;dimanche, février 25, 2018;3;;
10751;26;12;24;3;dimanche, février 25, 2018;3;;
10751;10;30;24;3;dimanche, février 25, 2018;3;;
10751;10;20;24;3;dimanche, février 25, 2018;3;;
10752;27;3;39;2;mercredi, juillet 18, 2018;3;;
10752;1;8;39;2;mercredi, juillet 18, 2018;3;;
10753;27;5;72;3;lundi, janvier 21, 2019;1;;
10753;23;4;72;3;lundi, janvier 21, 2019;1;;
10754;21;3;44;6;samedi, août 18, 2018;3;;
10755;27;25;23;4;mercredi, avril 03, 2019;2;;
10755;23;30;23;4;mercredi, avril 03, 2019;2;;
10755;7;14;23;4;mercredi, avril 03, 2019;2;;
10755;6;30;23;4;mercredi, avril 03, 2019;2;;
10756;27;20;17;8;mercredi, décembre 13, 2017;2;;
10756;18;21;17;8;mercredi, décembre 13, 2017;2;;
10756;16;20;17;8;mercredi, décembre 13, 2017;2;;
10756;8;6;17;8;mercredi, décembre 13, 2017;2;;
10757;14;30;20;6;dimanche, janvier 21, 2018;1;;
10757;7;7;20;6;dimanche, janvier 21, 2018;1;;
10757;7;30;20;6;dimanche, janvier 21, 2018;1;;
10757;3;24;20;6;dimanche, janvier 21, 2018;1;;
10758;27;40;24;3;samedi, février 24, 2018;3;;
10758;26;20;24;3;samedi, février 24, 2018;3;;
10758;12;60;24;3;samedi, février 24, 2018;3;;
10759;12;10;20;3;dimanche, mai 05, 2019;2;;
10760;27;40;42;4;dimanche, août 12, 2018;1;;
10760;25;12;42;4;dimanche, août 12, 2018;1;;
10760;13;30;42;4;dimanche, août 12, 2018;1;;
10761;25;35;28;5;samedi, mars 31, 2018;2;;
10761;3;18;28;5;samedi, mars 31, 2018;2;;
10762;23;30;30;3;samedi, février 09, 2019;1;;
10762;18;16;30;3;samedi, février 09, 2019;1;;
10762;11;28;30;3;samedi, février 09, 2019;1;;
10762;6;60;30;3;samedi, février 09, 2019;1;;
10763;24;20;30;3;mercredi, février 13, 2019;3;;
10763;22;6;30;3;mercredi, février 13, 2019;3;;
10763;21;40;30;3;mercredi, février 13, 2019;3;;
10764;18;130;19;6;mardi, février 26, 2019;3;;
10764;3;20;19;6;mardi, février 26, 2019;3;;
10765;18;80;32;3;mardi, avril 24, 2018;3;;
10766;8;40;37;4;mardi, juin 26, 2018;1;;
10766;7;35;37;4;mardi, juin 26, 2018;1;;
10766;2;40;37;4;mardi, juin 26, 2018;1;;
10767;12;2;15;4;mardi, décembre 05, 2017;3;;
10768;27;12;21;3;dimanche, avril 28, 2019;2;;
10768;22;4;21;3;dimanche, avril 28, 2019;2;;
10768;21;50;21;3;dimanche, avril 28, 2019;2;;
10768;7;15;21;3;dimanche, avril 28, 2019;2;;
10769;12;15;9;3;samedi, octobre 14, 2017;1;;
10769;11;30;9;3;samedi, octobre 14, 2017;1;;
10769;7;20;9;3;samedi, octobre 14, 2017;1;;
10769;7;15;9;3;samedi, octobre 14, 2017;1;;
10770;11;15;63;8;dimanche, décembre 23, 2018;3;;
10771;27;16;19;9;mardi, février 26, 2019;2;;
10772;19;18;48;3;mercredi, septembre 26, 2018;2;;
10772;7;25;48;3;mercredi, septembre 26, 2018;2;;
10773;21;70;19;1;mardi, février 26, 2019;3;;
10773;17;33;19;1;mardi, février 26, 2019;3;;
10773;5;7;19;1;mardi, février 26, 2019;3;;
10774;21;2;7;4;mercredi, février 06, 2019;1;;
10774;9;50;7;4;mercredi, février 06, 2019;1;;
10775;10;6;12;7;samedi, novembre 25, 2017;1;;
10775;9;3;12;7;samedi, novembre 25, 2017;1;;
10776;23;27;19;1;lundi, février 25, 2019;3;;
10776;21;16;19;1;lundi, février 25, 2019;3;;
10776;12;12;19;1;lundi, février 25, 2019;3;;
10776;11;120;19;1;lundi, février 25, 2019;3;;
10777;12;20;63;7;samedi, janvier 05, 2019;2;;
10778;11;10;51;3;samedi, avril 20, 2019;1;;
10779;16;20;39;3;dimanche, juillet 22, 2018;2;;
10779;7;20;39;3;dimanche, juillet 22, 2018;2;;
10780;27;35;47;2;mercredi, septembre 12, 2018;1;;
10780;27;15;47;2;mercredi, septembre 12, 2018;1;;
10781;27;35;5;2;lundi, août 21, 2017;3;;
10781;14;3;5;2;lundi, août 21, 2017;3;;
10781;6;20;5;2;lundi, août 21, 2017;3;;
10782;21;1;22;9;mercredi, mars 20, 2019;3;;
10783;21;10;62;4;samedi, décembre 22, 2018;2;;
10783;18;5;62;4;samedi, décembre 22, 2018;2;;
10784;27;30;44;4;mercredi, août 15, 2018;3;;
10784;18;2;44;4;mercredi, août 15, 2018;3;;
10784;16;30;44;4;mercredi, août 15, 2018;3;;
10785;25;10;63;1;mardi, décembre 25, 2018;3;;
10785;10;10;63;1;mardi, décembre 25, 2018;3;;
10786;25;42;34;8;samedi, mai 19, 2018;1;;
10786;10;15;34;8;samedi, mai 19, 2018;1;;
10786;8;30;34;8;samedi, mai 19, 2018;1;;
10787;19;20;51;2;samedi, octobre 13, 2018;1;;
10787;2;15;51;2;samedi, octobre 13, 2018;1;;
10788;25;40;31;1;lundi, avril 23, 2018;2;;
10788;19;50;31;1;lundi, avril 23, 2018;2;;
10789;18;30;30;1;mardi, février 12, 2019;2;;
10789;15;15;30;1;mardi, février 12, 2019;2;;
10789;8;18;30;1;mardi, février 12, 2019;2;;
10789;3;30;30;1;mardi, février 12, 2019;2;;
10790;7;3;63;6;mercredi, janvier 02, 2019;1;;
10790;6;20;63;6;mercredi, janvier 02, 2019;1;;
10791;19;14;74;6;dimanche, janvier 27, 2019;2;;
10791;11;20;74;6;dimanche, janvier 27, 2019;2;;
10792;14;3;2;1;dimanche, juillet 09, 2017;3;;
10792;8;15;2;1;dimanche, juillet 09, 2017;3;;
10792;2;10;2;1;dimanche, juillet 09, 2017;3;;
10793;12;8;17;3;samedi, avril 27, 2019;3;;
10793;11;14;17;3;samedi, avril 27, 2019;3;;
10794;14;15;35;6;dimanche, mai 27, 2018;1;;
10794;14;6;35;6;dimanche, mai 27, 2018;1;;
10795;17;35;19;8;lundi, février 25, 2019;2;;
10795;16;65;19;8;lundi, février 25, 2019;2;;
10796;27;24;61;3;lundi, décembre 10, 2018;1;;
10796;26;21;61;3;lundi, décembre 10, 2018;1;;
10796;23;10;61;3;lundi, décembre 10, 2018;1;;
10796;3;35;61;3;lundi, décembre 10, 2018;1;;
10797;11;20;31;7;lundi, mars 11, 2019;2;;
10798;27;10;55;2;mercredi, novembre 07, 2018;1;;
10798;7;2;55;2;mercredi, novembre 07, 2018;1;;
10799;24;20;53;9;lundi, octobre 29, 2018;3;;
10799;13;20;53;9;lundi, octobre 29, 2018;3;;
10799;7;25;53;9;lundi, octobre 29, 2018;3;;
10800;14;7;20;1;mardi, janvier 02, 2018;3;;
10800;11;50;20;1;mardi, janvier 02, 2018;3;;
10800;11;10;20;1;mardi, janvier 02, 2018;3;;
10801;19;20;41;4;mardi, avril 09, 2019;2;;
10801;17;40;41;4;mardi, avril 09, 2019;2;;
10802;11;30;19;4;lundi, décembre 25, 2017;2;;
10802;10;25;19;4;lundi, décembre 25, 2017;2;;
10802;7;5;19;4;lundi, décembre 25, 2017;2;;
10802;5;60;19;4;lundi, décembre 25, 2017;2;;
10803;25;15;5;4;lundi, août 14, 2017;1;;
10803;19;24;5;4;lundi, août 14, 2017;1;;
10803;7;15;5;4;lundi, août 14, 2017;1;;
10804;27;24;20;6;lundi, janvier 01, 2018;2;;
10804;19;4;20;6;lundi, janvier 01, 2018;2;;
10804;10;36;20;6;lundi, janvier 01, 2018;2;;
10805;18;10;14;2;lundi, novembre 27, 2017;3;;
10805;14;10;14;2;lundi, novembre 27, 2017;3;;
10806;18;2;9;3;dimanche, octobre 01, 2017;2;;
10806;27;15;9;3;dimanche, octobre 01, 2017;2;;
10806;2;20;9;3;dimanche, octobre 01, 2017;2;;
10807;21;1;72;4;lundi, janvier 21, 2019;1;;
10808;26;50;38;2;samedi, juillet 07, 2018;3;;
10808;25;20;38;2;samedi, juillet 07, 2018;3;;
10809;12;20;5;7;dimanche, août 13, 2017;1;;
10810;27;5;50;2;lundi, octobre 08, 2018;3;;
10810;25;5;50;2;lundi, octobre 08, 2018;3;;
10810;13;7;50;2;lundi, octobre 08, 2018;3;;
10811;23;18;46;8;lundi, septembre 03, 2018;1;;
10811;21;30;46;8;lundi, septembre 03, 2018;1;;
10811;19;15;46;8;lundi, septembre 03, 2018;1;;
10812;27;40;26;5;samedi, mars 17, 2018;1;;
10812;27;20;26;5;samedi, mars 17, 2018;1;;
10812;21;16;26;5;samedi, mars 17, 2018;1;;
10813;23;35;25;1;dimanche, mars 04, 2018;1;;
10813;2;12;25;1;dimanche, mars 04, 2018;1;;
10814;23;8;9;3;samedi, septembre 30, 2017;3;;
10814;13;20;9;3;samedi, septembre 30, 2017;3;;
10814;11;20;9;3;samedi, septembre 30, 2017;3;;
10814;7;30;9;3;samedi, septembre 30, 2017;3;;
10815;23;16;20;2;samedi, janvier 20, 2018;3;;
10816;18;30;63;4;dimanche, décembre 30, 2018;2;;
10816;7;20;63;4;dimanche, décembre 30, 2018;2;;
10817;26;40;53;3;dimanche, octobre 28, 2018;2;;
10817;21;60;53;3;dimanche, octobre 28, 2018;2;;
10817;18;30;53;3;dimanche, octobre 28, 2018;2;;
10817;7;25;53;3;dimanche, octobre 28, 2018;2;;
10818;12;20;44;7;mercredi, août 15, 2018;3;;
10818;11;20;44;7;mercredi, août 15, 2018;3;;
10819;25;20;23;2;mercredi, mars 20, 2019;3;;
10819;13;7;23;2;mercredi, mars 20, 2019;3;;
10820;25;30;28;3;mercredi, mars 28, 2018;2;;
10821;15;20;17;1;mardi, décembre 12, 2017;1;;
10821;11;6;17;1;mardi, décembre 12, 2017;1;;
10822;27;6;10;6;lundi, octobre 23, 2017;3;;
10822;7;3;10;6;lundi, octobre 23, 2017;3;;
10823;27;15;47;5;mardi, septembre 11, 2018;2;;
10823;11;20;47;5;mardi, septembre 11, 2018;2;;
10823;7;15;47;5;mardi, septembre 11, 2018;2;;
10823;7;40;47;5;mardi, septembre 11, 2018;2;;
10824;27;9;7;8;mercredi, février 06, 2019;1;;
10824;11;12;7;8;mercredi, février 06, 2019;1;;
10825;26;12;31;1;lundi, mars 11, 2019;1;;
10825;3;20;31;1;lundi, mars 11, 2019;1;;
10826;21;35;37;6;mardi, avril 09, 2019;1;;
10826;7;15;37;6;mardi, avril 09, 2019;1;;
10827;18;21;26;1;mercredi, avril 03, 2019;2;;
10827;10;15;26;1;mercredi, avril 03, 2019;2;;
10828;20;5;30;9;mercredi, avril 11, 2018;1;;
10828;18;2;30;9;mercredi, avril 11, 2018;1;;
10829;13;10;55;9;mardi, novembre 06, 2018;1;;
10829;8;20;55;9;mardi, novembre 06, 2018;1;;
10829;7;21;55;9;mardi, novembre 06, 2018;1;;
10829;2;10;55;9;mardi, novembre 06, 2018;1;;
10830;18;28;10;4;dimanche, octobre 29, 2017;2;;
10830;8;24;10;4;dimanche, octobre 29, 2017;2;;
10830;7;30;10;4;dimanche, octobre 29, 2017;2;;
10830;6;6;10;4;dimanche, octobre 29, 2017;2;;
10831;19;2;24;3;dimanche, février 11, 2018;2;;
10831;18;8;24;3;dimanche, février 11, 2018;2;;
10831;15;8;24;3;dimanche, février 11, 2018;2;;
10831;13;9;24;3;dimanche, février 11, 2018;2;;
10832;25;10;50;2;samedi, octobre 13, 2018;2;;
10832;23;16;50;2;samedi, octobre 13, 2018;2;;
10832;13;3;50;2;samedi, octobre 13, 2018;2;;
10832;3;3;50;2;samedi, octobre 13, 2018;2;;
10833;21;9;37;6;mardi, juin 26, 2018;2;;
10833;7;20;37;6;mardi, juin 26, 2018;2;;
10833;3;9;37;6;mardi, juin 26, 2018;2;;
10834;19;8;10;1;dimanche, octobre 29, 2017;3;;
10834;10;20;10;1;dimanche, octobre 29, 2017;3;;
10835;27;2;9;1;lundi, mai 06, 2019;3;;
10835;7;15;9;1;lundi, mai 06, 2019;3;;
10836;22;52;19;7;dimanche, février 24, 2019;1;;
10836;15;6;19;7;dimanche, février 24, 2019;1;;
10836;7;24;19;7;dimanche, février 24, 2019;1;;
10836;7;60;19;7;dimanche, février 24, 2019;1;;
10836;4;30;19;7;dimanche, février 24, 2019;1;;
10837;26;21;45;9;samedi, avril 20, 2019;3;;
10837;23;40;45;9;samedi, avril 20, 2019;3;;
10837;21;25;45;9;samedi, avril 20, 2019;3;;
10837;13;6;45;9;samedi, avril 20, 2019;3;;
10838;18;25;46;3;dimanche, septembre 02, 2018;3;;
10838;16;50;46;3;dimanche, septembre 02, 2018;3;;
10838;1;4;46;3;dimanche, septembre 02, 2018;3;;
10839;27;15;10;3;samedi, octobre 28, 2017;3;;
10839;7;30;10;3;samedi, octobre 28, 2017;3;;
10840;25;6;46;4;dimanche, septembre 02, 2018;2;;
10840;18;10;46;4;dimanche, septembre 02, 2018;2;;
10841;27;15;15;5;mardi, décembre 05, 2017;2;;
10841;25;30;15;5;mardi, décembre 05, 2017;2;;
10841;10;16;15;5;mardi, décembre 05, 2017;2;;
10841;7;50;15;5;mardi, décembre 05, 2017;2;;
10842;27;12;11;1;lundi, novembre 06, 2017;3;;
10842;13;5;11;1;lundi, novembre 06, 2017;3;;
10842;11;15;11;1;lundi, novembre 06, 2017;3;;
10842;8;20;11;1;lundi, novembre 06, 2017;3;;
10843;11;4;9;4;mercredi, septembre 27, 2017;2;;
10844;22;35;36;8;dimanche, juin 10, 2018;2;;
10845;23;70;31;8;dimanche, avril 22, 2018;1;;
10845;15;25;31;8;dimanche, avril 22, 2018;1;;
10845;12;42;31;8;dimanche, avril 22, 2018;1;;
10845;7;60;31;8;dimanche, avril 22, 2018;1;;
10845;4;48;31;8;dimanche, avril 22, 2018;1;;
10846;27;30;14;2;lundi, décembre 04, 2017;3;;
10846;27;20;14;2;lundi, décembre 04, 2017;3;;
10846;4;21;14;2;lundi, décembre 04, 2017;3;;
10847;27;60;20;4;mercredi, janvier 17, 2018;3;;
10847;27;55;20;4;mercredi, janvier 17, 2018;3;;
10847;23;36;20;4;mercredi, janvier 17, 2018;3;;
10847;19;12;20;4;mercredi, janvier 17, 2018;3;;
10847;7;45;20;4;mercredi, janvier 17, 2018;3;;
10847;1;80;20;4;mercredi, janvier 17, 2018;3;;
10848;9;3;31;7;mardi, mars 12, 2019;2;;
10848;5;30;31;7;mardi, mars 12, 2019;2;;
10849;26;18;52;9;samedi, octobre 27, 2018;2;;
10849;3;49;52;9;samedi, octobre 27, 2018;2;;
10850;27;30;8;1;mardi, septembre 26, 2017;1;;
10850;25;20;8;1;mardi, septembre 26, 2017;1;;
10850;23;4;8;1;mardi, septembre 26, 2017;1;;
10851;25;10;25;5;dimanche, mars 04, 2018;1;;
10851;7;10;25;5;dimanche, mars 04, 2018;1;;
10851;7;42;25;5;dimanche, mars 04, 2018;1;;
10851;2;5;25;5;dimanche, mars 04, 2018;1;;
10852;17;6;28;8;mardi, mars 27, 2018;1;;
10852;7;50;28;8;mardi, mars 27, 2018;1;;
10852;2;15;28;8;mardi, mars 27, 2018;1;;
10853;18;10;11;9;lundi, avril 15, 2019;2;;
10854;13;65;19;3;dimanche, février 24, 2019;2;;
10854;10;100;19;3;dimanche, février 24, 2019;2;;
10855;18;15;38;3;samedi, juillet 07, 2018;1;;
10855;25;24;38;3;samedi, juillet 07, 2018;1;;
10855;21;14;38;3;samedi, juillet 07, 2018;1;;
10855;16;50;38;3;samedi, juillet 07, 2018;1;;
10856;12;20;36;3;mardi, avril 30, 2019;3;;
10856;2;20;36;3;mardi, avril 30, 2019;3;;
10857;26;35;39;8;samedi, avril 20, 2019;2;;
10857;19;10;39;8;samedi, avril 20, 2019;2;;
10857;3;30;39;8;samedi, avril 20, 2019;2;;
10858;27;10;52;2;mercredi, octobre 24, 2018;1;;
10858;27;4;52;2;mercredi, octobre 24, 2018;1;;
10858;7;5;52;2;mercredi, octobre 24, 2018;1;;
10859;24;40;73;1;dimanche, janvier 27, 2019;2;;
10859;14;35;73;1;dimanche, janvier 27, 2019;2;;
10859;4;30;73;1;dimanche, janvier 27, 2019;2;;
10860;26;20;73;3;mercredi, janvier 23, 2019;3;;
10860;11;3;73;3;mercredi, janvier 23, 2019;3;;
10861;23;35;4;4;mardi, juillet 25, 2017;2;;
10861;21;40;4;4;mardi, juillet 25, 2017;2;;
10861;18;20;4;4;mardi, juillet 25, 2017;2;;
10861;17;42;4;4;mardi, juillet 25, 2017;2;;
10861;7;3;4;4;mardi, juillet 25, 2017;2;;
10862;12;8;67;8;mardi, septembre 25, 2018;2;;
10862;11;25;67;8;mardi, septembre 25, 2018;2;;
10863;7;12;61;4;dimanche, décembre 09, 2018;2;;
10863;1;20;61;4;dimanche, décembre 09, 2018;2;;
10864;15;4;13;4;samedi, avril 27, 2019;3;;
10864;8;15;13;4;samedi, avril 27, 2019;3;;
10865;18;60;31;2;dimanche, avril 22, 2018;1;;
10865;18;80;31;2;dimanche, avril 22, 2018;1;;
10866;24;6;33;5;mercredi, avril 17, 2019;1;;
10866;10;40;33;5;mercredi, avril 17, 2019;1;;
10866;2;21;33;5;mercredi, avril 17, 2019;1;;
10867;3;3;44;6;samedi, août 25, 2018;1;;
10868;26;20;34;7;mercredi, mai 16, 2018;2;;
10868;19;42;34;7;mercredi, mai 16, 2018;2;;
10868;15;30;34;7;mercredi, mai 16, 2018;2;;
10869;23;50;20;5;lundi, janvier 01, 2018;1;;
10869;11;10;20;5;lundi, janvier 01, 2018;1;;
10869;8;20;20;5;lundi, janvier 01, 2018;1;;
10869;1;40;20;5;lundi, janvier 01, 2018;1;;
10870;15;3;1;5;samedi, juillet 08, 2017;3;;
10870;11;2;1;5;samedi, juillet 08, 2017;3;;
10871;17;16;29;9;mercredi, avril 03, 2019;2;;
10871;16;12;29;9;mercredi, avril 03, 2019;2;;
10871;6;50;29;9;mercredi, avril 03, 2019;2;;
10872;18;21;65;5;mercredi, janvier 09, 2019;2;;
10872;7;20;65;5;mercredi, janvier 09, 2019;2;;
10872;5;10;65;5;mercredi, janvier 09, 2019;2;;
10872;4;15;65;5;mercredi, janvier 09, 2019;2;;
10873;27;3;3;4;lundi, juillet 17, 2017;1;;
10873;21;20;3;4;lundi, juillet 17, 2017;1;;
10874;10;10;65;5;mercredi, janvier 09, 2019;2;;
10875;23;21;27;4;mercredi, avril 17, 2019;2;;
10875;19;25;27;4;mercredi, avril 17, 2019;2;;
10875;19;15;27;4;mercredi, avril 17, 2019;2;;
10876;23;21;32;7;mardi, avril 02, 2019;3;;
10876;4;20;32;7;mardi, avril 02, 2019;3;;
10877;18;25;25;1;samedi, mars 03, 2018;1;;
10877;16;30;25;1;samedi, mars 03, 2018;1;;
10878;20;20;31;4;samedi, avril 21, 2018;1;;
10879;18;10;3;3;dimanche, juillet 16, 2017;3;;
10879;26;10;3;3;dimanche, juillet 16, 2017;3;;
10879;21;12;3;3;dimanche, juillet 16, 2017;3;;
10880;27;50;7;7;mercredi, février 06, 2019;1;;
10880;23;30;7;7;mercredi, février 06, 2019;1;;
10880;7;30;7;7;mercredi, février 06, 2019;1;;
10881;27;10;24;4;mercredi, mars 20, 2019;1;;
10882;19;20;20;4;mardi, janvier 16, 2018;3;;
10882;14;32;20;4;mardi, janvier 16, 2018;3;;
10882;12;25;20;4;mardi, janvier 16, 2018;3;;
10883;24;8;44;8;mercredi, août 22, 2018;3;;
10884;3;8;47;4;mercredi, septembre 19, 2018;2;;
10884;25;21;47;4;mercredi, septembre 19, 2018;2;;
10884;21;40;47;4;mercredi, septembre 19, 2018;2;;
10885;27;30;14;6;dimanche, décembre 03, 2017;3;;
10885;27;25;14;6;dimanche, décembre 03, 2017;3;;
10885;24;12;14;6;dimanche, décembre 03, 2017;3;;
10885;2;20;14;6;dimanche, décembre 03, 2017;3;;
10886;27;40;62;1;samedi, décembre 22, 2018;1;;
10886;21;35;62;1;samedi, décembre 22, 2018;1;;
10886;10;70;62;1;samedi, décembre 22, 2018;1;;
10887;25;5;65;8;dimanche, janvier 13, 2019;3;;
10888;8;18;64;1;mercredi, janvier 09, 2019;2;;
10888;2;20;64;1;mercredi, janvier 09, 2019;2;;
10889;18;40;28;9;lundi, mars 26, 2018;3;;
10889;11;40;28;9;lundi, mars 26, 2018;3;;
10890;17;15;31;7;samedi, mars 09, 2019;1;;
10890;14;10;31;7;samedi, mars 09, 2019;1;;
10890;11;14;31;7;samedi, mars 09, 2019;1;;
10891;10;15;67;7;mardi, septembre 25, 2018;2;;
10892;7;40;42;4;samedi, août 11, 2018;2;;
10893;24;10;69;9;samedi, octobre 27, 2018;2;;
10893;16;20;69;9;samedi, octobre 27, 2018;2;;
10893;10;24;69;9;samedi, octobre 27, 2018;2;;
10893;10;35;69;9;samedi, octobre 27, 2018;2;;
10893;8;30;69;9;samedi, octobre 27, 2018;2;;
10894;27;50;20;1;mardi, janvier 16, 2018;1;;
10894;25;120;20;1;mardi, janvier 16, 2018;1;;
10894;13;28;20;1;mardi, janvier 16, 2018;1;;
10895;24;110;19;3;dimanche, février 24, 2019;1;;
10895;21;91;19;3;dimanche, février 24, 2019;1;;
10895;18;45;19;3;dimanche, février 24, 2019;1;;
10895;7;100;19;3;dimanche, février 24, 2019;1;;
10896;25;16;41;7;samedi, août 11, 2018;3;;
10896;23;15;41;7;samedi, août 11, 2018;3;;
10897;10;80;56;3;samedi, novembre 17, 2018;2;;
10897;10;36;56;3;samedi, novembre 17, 2018;2;;
10898;13;5;39;4;lundi, juillet 16, 2018;2;;
10899;18;8;46;5;lundi, septembre 10, 2018;3;;
10900;27;3;5;1;samedi, août 12, 2017;2;;
10901;27;30;61;4;samedi, décembre 08, 2018;1;;
10901;11;30;61;4;samedi, décembre 08, 2018;1;;
10902;7;6;7;1;mardi, février 05, 2019;1;;
10902;5;30;7;1;mardi, février 05, 2019;1;;
10903;2;21;62;3;samedi, décembre 22, 2018;3;;
10903;13;40;62;3;samedi, décembre 22, 2018;3;;
10903;7;20;62;3;samedi, décembre 22, 2018;3;;
10904;7;15;4;3;lundi, juillet 24, 2017;3;;
10904;7;35;4;3;lundi, juillet 24, 2017;3;;
10905;1;20;5;9;mercredi, août 09, 2017;2;;
10906;7;15;1;4;samedi, juillet 08, 2017;3;;
10907;25;14;19;6;samedi, décembre 23, 2017;3;;
10908;12;14;26;4;mercredi, mars 14, 2018;2;;
10908;7;20;26;4;mercredi, mars 14, 2018;2;;
10909;16;15;24;1;samedi, février 10, 2018;2;;
10909;11;5;24;1;samedi, février 10, 2018;2;;
10909;7;12;24;1;samedi, février 10, 2018;2;;
10910;6;10;3;1;samedi, juillet 15, 2017;3;;
10910;19;12;3;1;samedi, juillet 15, 2017;3;;
10910;7;5;3;1;samedi, juillet 15, 2017;3;;
10911;17;12;64;3;mardi, janvier 08, 2019;1;;
10911;8;15;64;3;mardi, janvier 08, 2019;1;;
10911;1;10;64;3;mardi, janvier 08, 2019;1;;
10912;11;40;56;2;samedi, novembre 17, 2018;2;;
10912;10;60;56;2;samedi, novembre 17, 2018;2;;
10913;13;40;34;4;mardi, mai 15, 2018;1;;
10913;7;15;34;4;mardi, mai 15, 2018;1;;
10913;4;30;34;4;mardi, mai 15, 2018;1;;
10914;27;25;34;6;lundi, mai 14, 2018;1;;
10915;17;10;10;2;dimanche, novembre 05, 2017;2;;
10915;14;10;10;2;dimanche, novembre 05, 2017;2;;
10915;13;30;10;2;dimanche, novembre 05, 2017;2;;
10916;16;6;30;1;mercredi, avril 11, 2018;2;;
10916;12;6;30;1;mercredi, avril 11, 2018;2;;
10916;7;20;30;1;mercredi, avril 11, 2018;2;;
10917;10;1;24;4;mercredi, février 14, 2018;2;;
10917;7;10;24;4;mercredi, février 14, 2018;2;;
10918;7;25;62;3;samedi, mars 30, 2019;3;;
10918;1;60;62;3;samedi, mars 30, 2019;3;;
10919;25;24;46;2;samedi, septembre 01, 2018;2;;
10919;21;20;46;2;samedi, septembre 01, 2018;2;;
10919;16;24;46;2;samedi, septembre 01, 2018;2;;
10920;10;24;9;4;samedi, avril 27, 2019;3;;
10921;25;10;9;1;mercredi, octobre 11, 2017;1;;
10921;3;40;9;1;mercredi, octobre 11, 2017;1;;
10922;24;35;62;5;mercredi, décembre 19, 2018;3;;
10922;17;15;62;5;mercredi, décembre 19, 2018;3;;
10923;23;10;50;7;mercredi, octobre 10, 2018;3;;
10923;12;10;50;7;mercredi, octobre 10, 2018;3;;
10923;8;24;50;7;mercredi, octobre 10, 2018;3;;
10924;27;30;21;3;mercredi, avril 17, 2019;2;;
10924;25;6;21;3;mercredi, avril 17, 2019;2;;
10924;10;20;21;3;mercredi, avril 17, 2019;2;;
10925;16;25;62;3;mercredi, décembre 19, 2018;1;;
10925;12;12;62;3;mercredi, décembre 19, 2018;1;;
10926;27;10;22;4;dimanche, mai 05, 2019;2;;
10926;19;7;22;4;dimanche, mai 05, 2019;2;;
10926;13;10;22;4;dimanche, mai 05, 2019;2;;
10926;11;2;22;4;dimanche, mai 05, 2019;2;;
10927;26;20;69;4;mardi, octobre 23, 2018;1;;
10927;20;5;69;4;mardi, octobre 23, 2018;1;;
10927;12;5;69;4;mardi, octobre 23, 2018;1;;
10928;26;5;65;1;dimanche, janvier 13, 2019;1;;
10928;23;5;65;1;dimanche, janvier 13, 2019;1;;
10929;27;15;73;6;samedi, janvier 26, 2019;1;;
10929;25;49;73;6;samedi, janvier 26, 2019;1;;
10929;21;60;73;6;samedi, janvier 26, 2019;1;;
10930;27;25;14;4;dimanche, décembre 03, 2017;3;;
10930;21;36;14;4;dimanche, décembre 03, 2017;3;;
10930;7;30;14;4;dimanche, décembre 03, 2017;3;;
10930;5;25;14;4;dimanche, décembre 03, 2017;3;;
10931;13;42;24;4;mercredi, février 21, 2018;2;;
10931;7;30;24;4;mercredi, février 21, 2018;2;;
10932;27;16;35;8;mardi, avril 02, 2019;1;;
10932;25;20;35;8;mardi, avril 02, 2019;1;;
10932;16;30;35;8;mardi, avril 02, 2019;1;;
10932;7;14;35;8;mardi, avril 02, 2019;1;;
10933;7;30;55;6;mardi, novembre 06, 2018;3;;
10933;3;2;55;6;mardi, novembre 06, 2018;3;;
10934;6;20;67;3;lundi, septembre 24, 2018;3;;
10935;23;8;4;4;mardi, août 08, 2017;3;;
10935;18;4;4;4;mardi, août 08, 2017;3;;
10935;1;21;4;4;mardi, août 08, 2017;3;;
10936;16;30;63;3;samedi, décembre 29, 2018;2;;
10937;18;8;25;7;mardi, mars 19, 2019;3;;
10937;14;20;25;7;mardi, mars 19, 2019;3;;
10938;27;35;31;3;mercredi, avril 18, 2018;2;;
10938;23;24;31;3;mercredi, avril 18, 2018;2;;
10938;13;20;31;3;mercredi, avril 18, 2018;2;;
10938;7;49;31;3;mercredi, avril 18, 2018;2;;
10939;8;40;44;2;mardi, août 14, 2018;2;;
10939;2;10;44;2;mardi, août 14, 2018;2;;
10940;13;20;38;8;mardi, avril 02, 2019;3;;
10940;7;8;38;8;mardi, avril 02, 2019;3;;
10941;27;50;20;7;lundi, janvier 15, 2018;2;;
10941;12;44;20;7;lundi, janvier 15, 2018;2;;
10941;7;30;20;7;lundi, janvier 15, 2018;2;;
10941;7;80;20;7;lundi, janvier 15, 2018;2;;
10942;7;28;25;9;mardi, mars 13, 2018;3;;
10943;23;15;18;4;dimanche, mars 24, 2019;2;;
10943;22;21;18;4;dimanche, mars 24, 2019;2;;
10943;13;15;18;4;dimanche, mars 24, 2019;2;;
10944;25;18;65;6;samedi, mars 30, 2019;3;;
10944;23;18;65;6;samedi, mars 30, 2019;3;;
10944;11;5;65;6;samedi, mars 30, 2019;3;;
10945;13;20;39;4;dimanche, juillet 22, 2018;1;;
10945;12;10;39;4;dimanche, juillet 22, 2018;1;;
10946;27;40;9;1;mardi, octobre 10, 2017;2;;
10946;24;25;9;1;mardi, octobre 10, 2017;2;;
10946;10;25;9;1;mardi, octobre 10, 2017;2;;
10947;7;4;19;3;samedi, mars 23, 2019;2;;
10948;11;40;64;3;mardi, janvier 08, 2019;3;;
10948;10;9;64;3;mardi, janvier 08, 2019;3;;
10948;5;4;64;3;mardi, janvier 08, 2019;3;;
10949;17;6;74;2;samedi, mars 30, 2019;3;;
10949;10;30;74;2;samedi, mars 30, 2019;3;;
10949;7;60;74;2;samedi, mars 30, 2019;3;;
10949;6;12;74;2;samedi, mars 30, 2019;3;;
10950;4;5;43;1;mardi, août 14, 2018;2;;
10951;25;50;24;9;mercredi, février 21, 2018;2;;
10951;13;15;24;9;mercredi, février 21, 2018;2;;
10951;11;6;24;9;mercredi, février 21, 2018;2;;
10952;18;2;12;1;lundi, mai 06, 2019;3;;
10952;6;16;12;1;lundi, mai 06, 2019;3;;
10953;20;50;5;9;samedi, avril 27, 2019;1;;
10953;12;50;5;9;samedi, avril 27, 2019;1;;
10954;23;30;46;5;samedi, septembre 01, 2018;1;;
10954;16;28;46;5;samedi, septembre 01, 2018;1;;
10954;12;25;46;5;samedi, septembre 01, 2018;1;;
10954;7;24;46;5;samedi, septembre 01, 2018;1;;
10955;25;12;7;8;mardi, février 05, 2019;2;;
10956;23;14;13;6;lundi, avril 15, 2019;2;;
10956;21;12;13;6;lundi, avril 15, 2019;2;;
10956;11;8;13;6;lundi, avril 15, 2019;2;;
10957;25;40;60;8;samedi, décembre 08, 2018;3;;
10957;10;30;60;8;samedi, décembre 08, 2018;3;;
10957;4;8;60;8;samedi, décembre 08, 2018;3;;
10958;27;5;39;7;dimanche, juillet 15, 2018;2;;
10958;7;6;39;7;dimanche, juillet 15, 2018;2;;
10958;5;20;39;7;dimanche, juillet 15, 2018;2;;
10959;25;20;63;6;mercredi, janvier 02, 2019;2;;
10960;24;10;60;3;mercredi, décembre 05, 2018;1;;
10960;11;24;60;3;mercredi, décembre 05, 2018;1;;
10961;26;60;34;8;lundi, mai 14, 2018;1;;
10961;12;6;34;8;lundi, mai 14, 2018;1;;
10962;27;9;31;8;mercredi, avril 18, 2018;2;;
10962;26;44;31;8;mercredi, avril 18, 2018;2;;
10962;13;77;31;8;mercredi, avril 18, 2018;2;;
10962;7;45;31;8;mercredi, avril 18, 2018;2;;
10962;3;20;31;8;mercredi, avril 18, 2018;2;;
10963;7;2;65;9;mardi, janvier 15, 2019;3;;
10964;27;10;18;3;samedi, décembre 23, 2017;2;;
10964;18;6;18;3;samedi, décembre 23, 2017;2;;
10964;18;5;18;3;samedi, décembre 23, 2017;2;;
10965;11;16;38;6;mercredi, juillet 04, 2018;3;;
10966;27;8;28;4;dimanche, mars 17, 2019;1;;
10966;25;12;28;4;dimanche, mars 17, 2019;1;;
10966;7;12;28;4;dimanche, mars 17, 2019;1;;
10967;8;65;11;2;mercredi, novembre 15, 2017;2;;
10967;19;12;11;2;mercredi, novembre 15, 2017;2;;
10968;24;30;19;1;samedi, février 23, 2019;3;;
10968;12;30;19;1;samedi, février 23, 2019;3;;
10968;4;4;19;1;samedi, février 23, 2019;3;;
10969;23;9;28;1;mercredi, mars 13, 2019;2;;
10970;12;40;43;9;mardi, avril 09, 2019;1;;
10971;10;14;73;2;mercredi, janvier 23, 2019;2;;
10972;17;6;51;4;lundi, octobre 22, 2018;2;;
10972;13;7;51;4;lundi, octobre 22, 2018;2;;
10973;26;5;51;6;lundi, octobre 22, 2018;2;;
10973;25;10;51;6;lundi, octobre 22, 2018;2;;
10973;11;6;51;6;lundi, octobre 22, 2018;2;;
10974;3;10;16;3;mardi, décembre 12, 2017;3;;
10975;25;10;5;1;mercredi, mars 27, 2019;3;;
10975;8;16;5;1;mercredi, mars 27, 2019;3;;
10976;18;20;60;1;mercredi, décembre 05, 2018;1;;
10977;23;30;7;8;lundi, février 04, 2019;3;;
10977;18;30;7;8;lundi, février 04, 2019;3;;
10977;11;10;7;8;lundi, février 04, 2019;3;;
10977;3;20;7;8;lundi, février 04, 2019;3;;
10978;23;6;41;9;mercredi, août 08, 2018;2;;
10978;21;40;41;9;mercredi, août 08, 2018;2;;
10978;21;10;41;9;mercredi, août 08, 2018;2;;
10978;8;20;41;9;mercredi, août 08, 2018;2;;
10979;27;30;19;8;samedi, février 23, 2019;2;;
10979;24;80;19;8;samedi, février 23, 2019;2;;
10979;12;20;19;8;samedi, février 23, 2019;2;;
10979;12;24;19;8;samedi, février 23, 2019;2;;
10979;7;18;19;8;samedi, février 23, 2019;2;;
10979;3;35;19;8;samedi, février 23, 2019;2;;
10980;25;40;7;4;lundi, février 04, 2019;1;;
10981;18;60;62;1;mardi, décembre 18, 2018;2;;
10982;23;9;6;2;mercredi, mars 27, 2019;1;;
10982;7;20;6;2;mercredi, mars 27, 2019;1;;
10983;13;84;20;2;dimanche, janvier 14, 2018;2;;
10983;7;15;20;2;dimanche, janvier 14, 2018;2;;
10984;26;40;20;1;dimanche, janvier 14, 2018;3;;
10984;24;20;20;1;dimanche, janvier 14, 2018;3;;
10984;16;55;20;1;dimanche, janvier 14, 2018;3;;
10985;18;8;56;2;mercredi, novembre 14, 2018;1;;
10985;16;36;56;2;mercredi, novembre 14, 2018;1;;
10985;12;35;56;2;mercredi, novembre 14, 2018;1;;
10986;27;15;39;8;samedi, juillet 14, 2018;2;;
10986;26;10;39;8;samedi, juillet 14, 2018;2;;
10986;20;15;39;8;samedi, juillet 14, 2018;2;;
10986;11;30;39;8;samedi, juillet 14, 2018;2;;
10987;27;20;31;8;mercredi, mars 06, 2019;1;;
10987;23;6;31;8;mercredi, mars 06, 2019;1;;
10987;7;60;31;8;mercredi, mars 06, 2019;1;;
10988;7;60;28;3;lundi, mars 26, 2018;2;;
10988;7;40;28;3;lundi, mars 26, 2018;2;;
10989;11;15;35;2;samedi, mai 26, 2018;1;;
10989;11;4;35;2;samedi, mai 26, 2018;1;;
10989;6;40;35;2;samedi, mai 26, 2018;1;;
10990;21;65;19;2;mercredi, février 20, 2019;3;;
10990;14;60;19;2;mercredi, février 20, 2019;3;;
10990;7;66;19;2;mercredi, février 20, 2019;3;;
10990;5;65;19;2;mercredi, février 20, 2019;3;;
10991;27;20;31;1;mardi, avril 17, 2018;1;;
10991;26;90;31;1;mardi, avril 17, 2018;1;;
10991;2;50;31;1;mardi, avril 17, 2018;1;;
10992;27;2;13;1;dimanche, novembre 26, 2017;3;;
10993;11;35;7;7;lundi, février 04, 2019;3;;
10993;10;50;7;7;lundi, février 04, 2019;3;;
10994;7;18;9;2;lundi, octobre 09, 2017;3;;
10995;11;20;37;1;mardi, juin 19, 2018;3;;
10995;7;4;37;1;mardi, juin 19, 2018;3;;
10996;12;40;31;4;lundi, avril 16, 2018;2;;
10997;23;20;46;8;lundi, septembre 10, 2018;2;;
10997;22;50;46;8;lundi, septembre 10, 2018;2;;
10997;2;20;46;8;lundi, septembre 10, 2018;2;;
10998;27;20;1;8;dimanche, juillet 02, 2017;2;;
10998;25;30;1;8;dimanche, juillet 02, 2017;2;;
10998;24;12;1;8;dimanche, juillet 02, 2017;2;;
10998;7;7;1;8;dimanche, juillet 02, 2017;2;;
10999;27;21;37;6;lundi, juin 25, 2018;2;;
10999;11;20;37;6;lundi, juin 25, 2018;2;;
10999;11;15;37;6;lundi, juin 25, 2018;2;;
11000;27;30;28;2;dimanche, mars 25, 2018;3;;
11000;24;30;28;2;dimanche, mars 25, 2018;3;;
11000;4;25;28;2;dimanche, mars 25, 2018;3;;
11001;23;25;7;2;dimanche, février 03, 2019;2;;
11001;22;25;7;2;dimanche, février 03, 2019;2;;
11001;7;60;7;2;dimanche, février 03, 2019;2;;
11001;5;6;7;2;dimanche, février 03, 2019;2;;
11002;25;15;20;4;samedi, janvier 13, 2018;1;;
11002;13;56;20;4;samedi, janvier 13, 2018;1;;
11002;12;24;20;4;samedi, janvier 13, 2018;1;;
11002;5;40;20;4;samedi, janvier 13, 2018;1;;
11003;21;10;12;3;mercredi, novembre 22, 2017;3;;
11003;2;10;12;3;mercredi, novembre 22, 2017;3;;
11003;1;4;12;3;mercredi, novembre 22, 2017;3;;
11004;26;6;41;3;mardi, août 07, 2018;1;;
11004;26;6;41;3;mardi, août 07, 2018;1;;
11005;7;10;2;2;mercredi, juillet 12, 2017;1;;
11005;1;2;2;2;mercredi, juillet 12, 2017;1;;
11006;10;2;63;3;samedi, décembre 29, 2018;2;;
11006;1;8;63;3;samedi, décembre 29, 2018;2;;
11007;12;14;35;8;dimanche, juin 03, 2018;2;;
11007;10;10;35;8;dimanche, juin 03, 2018;2;;
11007;8;30;35;8;dimanche, juin 03, 2018;2;;
11008;27;21;19;7;mercredi, février 20, 2019;3;;
11008;18;70;19;7;mercredi, février 20, 2019;3;;
11008;14;90;19;7;mercredi, février 20, 2019;3;;
11009;26;18;64;2;lundi, janvier 07, 2019;1;;
11009;24;12;64;2;lundi, janvier 07, 2019;1;;
11009;7;9;64;2;lundi, janvier 07, 2019;1;;
11010;24;10;25;2;mardi, mars 13, 2018;2;;
11010;7;20;25;2;mardi, mars 13, 2018;2;;
11011;27;20;14;3;lundi, mai 06, 2019;1;;
11011;7;40;14;3;lundi, mai 06, 2019;1;;
11012;27;60;73;1;samedi, janvier 26, 2019;3;;
11012;19;50;73;1;samedi, janvier 26, 2019;3;;
11012;7;36;73;1;samedi, janvier 26, 2019;3;;
11013;23;10;24;2;mercredi, février 14, 2018;1;;
11013;23;20;24;2;mercredi, février 14, 2018;1;;
11013;12;4;24;2;mercredi, février 14, 2018;1;;
11013;7;2;24;2;mercredi, février 14, 2018;1;;
11014;11;28;45;2;mercredi, août 29, 2018;3;;
11015;27;18;23;2;samedi, février 10, 2018;2;;
11015;10;15;23;2;samedi, février 10, 2018;2;;
11016;26;16;1;9;mercredi, avril 24, 2019;2;;
11016;12;15;1;9;mercredi, avril 24, 2019;2;;
11017;27;30;19;9;mercredi, février 20, 2019;2;;
11017;7;110;19;9;mercredi, février 20, 2019;2;;
11017;3;25;19;9;mercredi, février 20, 2019;2;;
11018;25;5;44;4;mercredi, août 22, 2018;2;;
11018;18;10;44;4;mercredi, août 22, 2018;2;;
11018;12;20;44;4;mercredi, août 22, 2018;2;;
11019;7;2;30;6;mardi, avril 10, 2018;3;;
11019;23;3;30;6;mardi, avril 10, 2018;3;;
11020;10;24;37;2;dimanche, juin 24, 2018;2;;
11021;27;35;31;3;dimanche, avril 15, 2018;1;;
11021;26;63;31;3;dimanche, avril 15, 2018;1;;
11021;20;15;31;3;dimanche, avril 15, 2018;1;;
11021;11;44;31;3;dimanche, avril 15, 2018;1;;
11021;2;11;31;3;dimanche, avril 15, 2018;1;;
11022;27;30;62;9;mardi, décembre 18, 2018;2;;
11022;19;35;62;9;mardi, décembre 18, 2018;2;;
11023;23;30;20;1;samedi, mars 23, 2019;2;;
11023;7;4;20;1;samedi, mars 23, 2019;2;;
11024;27;50;31;4;mardi, mars 05, 2019;1;;
11024;26;12;31;4;mardi, mars 05, 2019;1;;
11024;13;30;31;4;mardi, mars 05, 2019;1;;
11024;9;21;31;4;mardi, mars 05, 2019;1;;
11025;13;20;5;6;dimanche, août 20, 2017;3;;
11025;1;10;5;6;dimanche, août 20, 2017;3;;
11026;18;8;73;4;lundi, janvier 21, 2019;1;;
11026;11;10;73;4;lundi, janvier 21, 2019;1;;
11027;24;30;7;1;mercredi, mars 27, 2019;1;;
11027;7;21;7;1;mercredi, mars 27, 2019;1;;
11028;7;24;52;2;mercredi, octobre 24, 2018;1;;
11028;5;35;52;2;mercredi, octobre 24, 2018;1;;
11029;25;20;28;4;dimanche, mars 17, 2019;1;;
11029;3;12;28;4;dimanche, mars 17, 2019;1;;
11030;10;60;20;7;mercredi, janvier 10, 2018;2;;
11030;7;100;20;7;mercredi, janvier 10, 2018;2;;
11030;5;70;20;7;mercredi, janvier 10, 2018;2;;
11030;2;100;20;7;mercredi, janvier 10, 2018;2;;
11031;27;16;20;6;mercredi, janvier 10, 2018;2;;
11031;24;21;20;6;mercredi, janvier 10, 2018;2;;
11031;13;80;20;6;mercredi, janvier 10, 2018;2;;
11031;4;20;20;6;mercredi, janvier 10, 2018;2;;
11031;1;45;20;6;mercredi, janvier 10, 2018;2;;
11032;26;35;4;2;dimanche, juillet 23, 2017;3;;
11032;18;25;4;2;dimanche, juillet 23, 2017;3;;
11032;7;30;4;2;dimanche, juillet 23, 2017;3;;
11033;27;36;24;7;mardi, février 20, 2018;3;;
11033;3;70;24;7;mardi, février 20, 2018;3;;
11034;23;12;38;8;mardi, juillet 03, 2018;1;;
11034;21;15;38;8;mardi, juillet 03, 2018;1;;
11034;7;6;38;8;mardi, juillet 03, 2018;1;;
11035;25;60;14;2;samedi, décembre 02, 2017;2;;
11035;14;10;14;2;samedi, décembre 02, 2017;2;;
11035;12;30;14;2;samedi, décembre 02, 2017;2;;
11035;1;10;14;2;samedi, décembre 02, 2017;2;;
11036;13;7;31;8;lundi, mars 11, 2019;3;;
11036;7;30;31;8;lundi, mars 11, 2019;3;;
11037;27;4;64;7;lundi, janvier 07, 2019;1;;
11038;27;30;14;1;mercredi, novembre 29, 2017;2;;
11038;21;5;14;1;mercredi, novembre 29, 2017;2;;
11038;2;2;14;1;mercredi, novembre 29, 2017;2;;
11039;6;60;45;1;mardi, août 28, 2018;2;;
11039;25;24;45;1;mardi, août 28, 2018;2;;
11039;18;20;45;1;mardi, août 28, 2018;2;;
11039;7;28;45;1;mardi, août 28, 2018;2;;
11040;21;20;63;4;mercredi, décembre 26, 2018;3;;
11041;3;30;28;3;samedi, mars 16, 2019;2;;
11041;2;30;28;3;samedi, mars 16, 2019;2;;
11042;23;15;28;2;mercredi, mars 13, 2019;1;;
11042;7;4;28;2;mercredi, mars 13, 2019;1;;
11043;11;10;18;5;mercredi, décembre 20, 2017;2;;
11044;7;12;1;4;samedi, juillet 01, 2017;1;;
11045;13;15;8;6;mercredi, mars 27, 2019;2;;
11045;11;24;8;6;mercredi, mars 27, 2019;2;;
11046;25;18;6;8;samedi, septembre 09, 2017;2;;
11046;22;15;6;8;samedi, septembre 09, 2017;2;;
11046;12;20;6;8;samedi, septembre 09, 2017;2;;
11047;5;30;31;7;mardi, mars 05, 2019;3;;
11047;1;25;31;7;mardi, mars 05, 2019;3;;
11048;7;42;9;7;mardi, mars 26, 2019;3;;
11049;12;4;63;3;mardi, janvier 01, 2019;1;;
11049;2;10;63;3;mardi, janvier 01, 2019;1;;
11050;26;50;7;8;dimanche, février 03, 2019;2;;
11051;24;10;50;7;mardi, octobre 09, 2018;3;;
11052;23;30;62;3;mardi, décembre 18, 2018;1;;
11052;7;10;62;3;mardi, décembre 18, 2018;1;;
11053;22;20;36;2;samedi, juin 09, 2018;2;;
11053;18;35;36;2;samedi, juin 09, 2018;2;;
11053;4;25;36;2;samedi, juin 09, 2018;2;;
11054;14;10;26;8;mardi, mars 19, 2019;1;;
11054;8;20;26;8;mardi, mars 19, 2019;1;;
11055;25;15;60;7;mardi, décembre 04, 2018;2;;
11055;24;15;60;7;mardi, décembre 04, 2018;2;;
11055;21;20;60;7;mardi, décembre 04, 2018;2;;
11055;7;20;60;7;mardi, décembre 04, 2018;2;;
11056;7;40;31;8;mardi, mars 05, 2019;2;;
11056;7;50;31;8;mardi, mars 05, 2019;2;;
11056;5;35;31;8;mardi, mars 05, 2019;2;;
11057;27;3;39;3;mercredi, juillet 18, 2018;3;;
11058;21;3;15;9;lundi, avril 15, 2019;3;;
11058;7;21;15;9;lundi, avril 15, 2019;3;;
11058;7;4;15;9;lundi, avril 15, 2019;3;;
11059;17;12;25;2;mercredi, février 28, 2018;2;;
11059;13;30;25;2;mercredi, février 28, 2018;2;;
11059;7;35;25;2;mercredi, février 28, 2018;2;;
11060;27;10;74;2;dimanche, janvier 20, 2019;2;;
11060;7;4;74;2;dimanche, janvier 20, 2019;2;;
11061;7;15;63;4;mercredi, décembre 26, 2018;3;;
11062;27;12;25;4;lundi, mars 12, 2018;2;;
11062;3;10;25;4;lundi, mars 12, 2018;2;;
11063;21;40;56;3;mercredi, novembre 14, 2018;2;;
11063;14;30;56;3;mercredi, novembre 14, 2018;2;;
11063;11;30;56;3;mercredi, novembre 14, 2018;2;;
11064;17;77;20;1;mardi, janvier 09, 2018;1;;
11064;11;12;20;1;mardi, janvier 09, 2018;1;;
11064;7;55;20;1;mardi, janvier 09, 2018;1;;
11064;5;4;20;1;mardi, janvier 09, 2018;1;;
11064;3;25;20;1;mardi, janvier 09, 2018;1;;
11065;14;20;46;8;dimanche, septembre 09, 2018;1;;
11065;10;4;46;8;dimanche, septembre 09, 2018;1;;
11066;19;42;3;7;samedi, juillet 22, 2017;2;;
11066;16;3;3;7;samedi, juillet 22, 2017;2;;
11066;14;35;3;7;samedi, juillet 22, 2017;2;;
11067;11;9;31;1;dimanche, mars 10, 2019;2;;
11068;27;28;34;8;dimanche, mai 13, 2018;2;;
11068;23;36;34;8;dimanche, mai 13, 2018;2;;
11068;18;8;34;8;dimanche, mai 13, 2018;2;;
11069;19;20;10;1;samedi, novembre 04, 2017;2;;
11070;16;30;48;2;dimanche, septembre 23, 2018;1;;
11070;12;20;48;2;dimanche, septembre 23, 2018;1;;
11070;2;20;48;2;dimanche, septembre 23, 2018;1;;
11070;1;40;48;2;dimanche, septembre 23, 2018;1;;
11071;13;10;46;1;dimanche, septembre 09, 2018;1;;
11071;7;15;46;1;dimanche, septembre 09, 2018;1;;
11072;11;40;19;4;mardi, février 19, 2019;2;;
11072;10;22;19;4;mardi, février 19, 2019;2;;
11072;4;130;19;4;mardi, février 19, 2019;2;;
11072;2;8;19;4;mardi, février 19, 2019;2;;
11073;24;20;37;2;lundi, juin 18, 2018;2;;
11073;11;10;37;2;lundi, juin 18, 2018;2;;
11074;16;14;19;7;lundi, décembre 25, 2017;2;;
11075;26;2;24;8;lundi, février 19, 2018;2;;
11075;23;30;24;8;lundi, février 19, 2018;2;;
11075;2;10;24;8;lundi, février 19, 2018;2;;
11076;19;10;41;4;lundi, avril 01, 2019;2;;
11076;14;20;41;4;lundi, avril 01, 2019;2;;
11076;6;20;41;4;lundi, avril 01, 2019;2;;
11077;27;2;28;1;samedi, mars 24, 2018;2;;
11077;27;2;28;1;samedi, mars 24, 2018;2;;
11077;25;4;28;1;samedi, mars 24, 2018;2;;
11077;23;2;28;1;samedi, mars 24, 2018;2;;
11077;23;1;28;1;samedi, mars 24, 2018;2;;
11077;23;3;28;1;samedi, mars 24, 2018;2;;
11077;20;1;28;1;samedi, mars 24, 2018;2;;
11077;19;2;28;1;samedi, mars 24, 2018;2;;
11077;16;2;28;1;samedi, mars 24, 2018;2;;
11077;14;1;28;1;samedi, mars 24, 2018;2;;
11077;13;4;28;1;samedi, mars 24, 2018;2;;
11077;12;2;28;1;samedi, mars 24, 2018;2;;
11077;11;3;28;1;samedi, mars 24, 2018;2;;
11077;10;1;28;1;samedi, mars 24, 2018;2;;
11077;9;1;28;1;samedi, mars 24, 2018;2;;
11077;8;2;28;1;samedi, mars 24, 2018;2;;
11077;7;1;28;1;samedi, mars 24, 2018;2;;
11077;7;2;28;1;samedi, mars 24, 2018;2;;
11077;6;1;28;1;samedi, mars 24, 2018;2;;
11077;5;2;28;1;samedi, mars 24, 2018;2;;
11077;4;1;28;1;samedi, mars 24, 2018;2;;
11077;4;2;28;1;samedi, mars 24, 2018;2;;
11077;3;4;28;1;samedi, mars 24, 2018;2;;
11077;2;24;28;1;samedi, mars 24, 2018;2;;
11077;2;2;28;1;samedi, mars 24, 2018;2;;